ticker,date,close,rsi,rsi_range,sma20,extended,reason,intra_exp,intra_p,h1_exp,h1_p,h2_exp,h2_p,h3_exp,h3_p,h4_exp,h4_p,h5_exp,h5_p,h6_exp,h6_p,h7_exp,h7_p,h8_exp,h8_p,h9_exp,h9_p,h10_exp,h10_p,h12_exp,h12_p,h14_exp,h14_p,h16_exp,h16_p,h18_exp,h18_p,h20_exp,h20_p,h25_exp,h25_p,h30_exp,h30_p,h40_exp,h40_p,h50_exp,h50_p,h60_exp,h60_p,h80_exp,h80_p,h100_exp,h100_p,h120_exp,h120_p,prec_intra,prec_1,prec_2,prec_3,prec_4,prec_5,prec_6,prec_7,prec_8,prec_9,prec_10,prec_12,prec_14,prec_16,prec_18,prec_20,prec_25,prec_30,prec_40,prec_50,prec_60,prec_80,prec_100,prec_120
AALR,2026-10-07,261.04,39.356653593212044,27.3 - 51.4,282.78,False,هبوط>=15% من القمة + تحت متوسط50,0.51,31.0,0.11,28.9,0.1,32.8,0.36,30.2,0.53,35.1,0.71,30.2,0.58,30.8,0.82,32.4,1.66,33.5,1.27,32.1,0.96,36.2,1.51,36.4,1.87,36.7,1.22,35.6,2.76,36.1,1.49,38.6,3.04,36.5,4.53,39.2,6.59,41.9,8.54,44.4,10.7,45.5,14.27,48.6,21.96,52.4,30.44,53.6,1/3 (33%),2/3 (67%),1/2 (50%),0/1 (0%),0/1 (0%),0/1 (0%),0/1 (0%),0/1 (0%),1/1 (100%),1/1 (100%),0/1 (0%),0/1 (0%),0/1 (0%),0/1 (0%),0/1 (0%),0/1 (0%),0/1 (0%),0/1 (0%),1/1 (100%),0/1 (0%),0/1 (0%),0/1 (0%),1/1 (100%),0/1 (0%)
ABUK,2026-10-07,90.0,55.20753992923889,46.2 - 66.1,89.85,False,زخم سعري,0.43,30.7,0.27,30.9,0.6,31.7,0.92,31.8,1.23,33.5,1.4,34.2,1.76,35.4,2.14,37.0,2.44,38.4,2.72,38.6,3.01,38.4,4.08,41.0,4.42,41.3,5.5,42.3,6.0,42.2,6.94,43.9,8.57,45.2,10.0,47.7,13.32,50.1,18.65,53.0,18.73,51.2,19.96,53.0,24.91,55.3,30.41,59.9,11/20 (55%),11/20 (55%),13/20 (65%),13/20 (65%),12/19 (63%),11/19 (58%),11/19 (58%),13/19 (68%),11/19 (58%),10/19 (53%),11/19 (58%),10/19 (53%),9/19 (47%),13/19 (68%),11/19 (58%),10/19 (53%),10/19 (53%),9/19 (47%),9/19 (47%),9/19 (47%),9/19 (47%),8/19 (42%),16/18 (89%),11/12 (92%)
ACAMD,2026-10-07,2.05,48.84593945149814,27.6 - 49.9,2.03,False,هبوط>=15% من القمة + تحت متوسط50,0.24,27.8,0.16,27.5,0.39,29.2,0.64,31.1,0.81,32.1,0.94,33.1,1.49,34.6,1.84,35.7,1.96,36.2,2.31,38.7,3.01,38.4,3.47,39.9,3.89,41.9,4.62,43.1,6.2,43.0,7.13,45.3,8.96,48.8,10.01,48.5,11.08,46.9,13.13,49.1,16.92,50.5,23.24,60.2,31.22,62.8,38.59,70.1,35/74 (47%),35/74 (47%),34/73 (47%),40/72 (56%),44/72 (61%),45/71 (63%),40/71 (56%),36/70 (51%),38/70 (54%),34/70 (49%),34/70 (49%),34/70 (49%),29/69 (42%),26/67 (39%),31/67 (46%),34/66 (52%),45/64 (70%),46/64 (72%),41/64 (64%),40/64 (62%),35/64 (55%),36/64 (56%),36/64 (56%),35/59 (59%)
ACAP,2026-10-07,8.21,43.636365802869626,22.5 - 49.1,8.47,False,هبوط>=15% من القمة + تحت متوسط50,0.3,31.8,0.24,33.8,0.45,36.6,0.69,35.6,0.91,37.8,0.93,38.8,1.5,39.1,1.75,39.9,1.84,38.1,2.08,37.0,2.32,38.0,2.72,37.9,3.06,39.0,3.53,40.1,4.12,42.5,4.81,42.1,5.94,42.6,8.24,44.1,10.32,47.1,11.49,48.8,13.97,50.8,21.92,58.2,34.58,59.8,36.14,65.2,2/3 (67%),1/3 (33%),1/2 (50%),0/2 (0%),0/2 (0%),0/2 (0%),0/2 (0%),0/2 (0%),1/2 (50%),1/2 (50%),1/2 (50%),1/2 (50%),0/2 (0%),1/2 (50%),1/2 (50%),1/2 (50%),0/2 (0%),0/2 (0%),1/2 (50%),1/2 (50%),1/2 (50%),2/2 (100%),2/2 (100%),2/2 (100%)
ACGC,2026-10-07,14.33,54.13640076332919,46.9 - 59.6,14.32,False,زخم سعري,-0.12,25.3,0.1,26.0,0.29,26.3,0.41,28.2,0.49,33.3,0.79,29.5,0.72,29.8,1.14,29.7,1.72,29.6,1.96,30.7,2.37,37.3,3.17,33.3,3.33,34.9,4.4,38.2,4.82,44.0,5.82,39.6,7.48,42.8,8.07,46.2,12.29,50.4,13.36,50.7,14.72,50.8,18.96,52.3,23.99,53.9,27.79,60.0,60/114 (53%),59/114 (52%),57/114 (50%),53/114 (46%),63/114 (55%),63/114 (55%),65/114 (57%),62/114 (54%),62/114 (54%),61/114 (54%),67/114 (59%),65/114 (57%),65/113 (58%),70/112 (62%),73/112 (65%),75/112 (67%),77/112 (69%),81/112 (72%),77/112 (69%),82/112 (73%),81/112 (72%),77/109 (71%),79/107 (74%),77/107 (72%)
ACTF,2026-10-07,2.63,43.21819763123928,39.3 - 77.0,2.74,False,هبوط>=15% من القمة + تحت متوسط50,-0.0,23.7,0.13,27.6,0.26,29.3,0.46,30.1,0.49,28.2,0.73,27.2,1.06,26.8,1.12,28.3,1.28,31.0,1.53,28.5,1.48,28.7,1.68,29.0,2.04,28.2,2.19,32.0,2.62,34.1,2.99,32.9,4.6,33.5,7.14,37.9,10.41,41.0,12.22,47.7,14.08,48.1,21.35,53.3,26.5,60.2,30.5,64.1,20/53 (38%),20/53 (38%),20/52 (38%),21/51 (41%),19/50 (38%),15/50 (30%),15/50 (30%),14/50 (28%),14/50 (28%),16/50 (32%),15/50 (30%),17/50 (34%),20/50 (40%),17/49 (35%),25/48 (52%),29/48 (60%),29/48 (60%),25/47 (53%),16/40 (40%),10/40 (25%),12/40 (30%),2/32 (6%),0/23 (0%),0/23 (0%)
ADCI,2026-10-07,272.95,44.51034866985024,33.9 - 49.3,277.96,False,هبوط>=15% من القمة + تحت متوسط50,0.12,26.9,0.06,23.7,0.26,26.8,0.45,27.3,0.6,31.3,0.75,29.4,0.82,30.7,1.09,31.3,1.17,34.0,1.34,34.3,1.8,35.1,2.26,36.6,2.58,35.6,2.7,38.1,3.15,38.1,4.74,40.8,6.29,39.9,7.5,38.6,11.07,45.6,13.98,47.1,16.16,49.3,21.39,56.7,31.93,63.9,39.43,65.9,1/7 (14%),3/7 (43%),3/7 (43%),2/6 (33%),2/5 (40%),2/5 (40%),2/5 (40%),2/5 (40%),2/5 (40%),2/5 (40%),2/4 (50%),2/2 (100%),2/2 (100%),2/2 (100%),2/2 (100%),2/2 (100%),2/2 (100%),2/2 (100%),2/2 (100%),2/2 (100%),2/2 (100%),2/2 (100%),2/2 (100%),2/2 (100%)
ADIB,2026-10-07,47.8,33.1384819469167,33.1 - 51.2,51.03,False,هبوط>=10% من القمة + تحت متوسط50,-0.12,21.4,0.18,25.8,0.23,25.4,0.27,24.9,0.42,28.0,0.69,28.5,0.76,26.0,0.89,30.1,1.06,28.6,1.19,30.7,1.26,32.2,1.83,36.0,2.44,40.7,2.91,36.8,3.92,38.2,4.42,40.0,5.8,43.7,7.82,45.9,9.94,48.7,12.69,48.9,15.5,55.4,20.43,56.4,28.29,60.6,33.22,66.8,16/34 (47%),16/34 (47%),18/33 (55%),16/32 (50%),14/32 (44%),14/32 (44%),17/31 (55%),15/31 (48%),15/31 (48%),14/31 (45%),16/31 (52%),12/31 (39%),10/31 (32%),9/31 (29%),11/31 (35%),15/31 (48%),24/31 (77%),26/31 (84%),30/31 (97%),31/31 (100%),31/31 (100%),31/31 (100%),31/31 (100%),31/31 (100%)
ADPC,2026-10-07,3.53,36.43034922013953,29.1 - 50.8,3.73,False,هبوط>=15% من القمة + تحت متوسط50,0.18,28.2,0.14,29.8,0.2,32.8,0.25,33.0,0.44,32.5,0.77,35.0,1.01,36.0,1.5,38.6,1.53,39.5,1.87,41.1,2.03,39.7,2.35,41.3,2.61,42.8,2.81,44.0,2.83,44.5,3.62,46.3,4.93,44.2,6.63,45.8,8.61,45.8,10.26,48.7,13.12,50.2,18.18,53.9,26.55,61.4,31.45,68.7,7/15 (47%),8/15 (53%),9/14 (64%),7/13 (54%),9/13 (69%),9/13 (69%),8/13 (62%),7/13 (54%),6/13 (46%),7/13 (54%),6/13 (46%),7/13 (54%),7/13 (54%),6/13 (46%),6/13 (46%),6/13 (46%),7/13 (54%),6/13 (46%),4/13 (31%),5/13 (38%),6/13 (46%),8/13 (62%),9/13 (69%),10/13 (77%)
ADRI,2026-10-07,13.6,67.13605105284032,55.4 - 73.0,12.1,True,ممتد - خطر مطاردة,1.28,47.5,0.51,41.2,0.95,41.7,1.65,43.2,1.88,46.2,2.02,42.7,2.76,42.7,3.57,42.7,2.71,42.3,2.97,41.0,3.53,45.0,3.78,43.1,4.41,43.7,3.68,41.2,4.36,38.7,4.93,42.0,5.88,40.2,7.93,43.4,10.26,46.6,9.06,45.1,10.48,49.8,12.52,49.6,14.3,47.9,17.77,49.2,9/23 (39%),9/23 (39%),9/23 (39%),8/23 (35%),9/23 (39%),10/23 (43%),11/23 (48%),9/23 (39%),12/23 (52%),13/23 (57%),13/23 (57%),11/22 (50%),7/21 (33%),5/19 (26%),6/19 (32%),5/19 (26%),5/18 (28%),5/18 (28%),7/18 (39%),6/18 (33%),7/18 (39%),6/18 (33%),5/18 (28%),6/18 (33%)
AFDI,2026-10-07,54.06,52.08834574688142,34.1 - 52.1,52.69,False,هبوط>=15% من القمة + تحت متوسط50,0.24,29.4,0.14,27.1,0.31,30.8,0.42,30.1,0.6,31.4,0.71,32.2,0.12,30.0,0.98,34.5,1.08,35.1,1.13,36.1,1.28,37.7,1.93,37.7,1.48,39.5,3.21,40.0,3.17,40.9,4.41,42.0,6.4,45.2,8.16,45.0,8.69,44.8,10.82,45.3,11.82,46.4,18.23,51.2,24.83,56.3,34.98,64.3,12/20 (60%),13/20 (65%),14/19 (74%),15/18 (83%),14/18 (78%),15/18 (83%),13/18 (72%),14/18 (78%),13/18 (72%),12/18 (67%),13/18 (72%),9/18 (50%),11/18 (61%),10/18 (56%),8/18 (44%),9/18 (50%),10/18 (56%),10/18 (56%),10/18 (56%),11/18 (61%),9/18 (50%),9/18 (50%),9/18 (50%),7/18 (39%)
AFMC,2026-10-07,152.0,43.37250276917013,32.0 - 49.0,156.13,False,هبوط>=15% من القمة + تحت متوسط50,-0.45,30.2,-0.15,26.9,-1.13,23.5,-0.8,28.2,-1.31,26.9,-0.37,27.8,-2.25,26.0,-2.11,27.4,-0.56,30.3,-1.03,32.9,-1.75,31.2,-2.19,31.5,-3.71,24.3,-6.99,21.2,-5.09,15.0,-8.26,15.6,-12.7,15.0,-12.9,16.3,-6.43,18.9,-6.66,23.3,3.18,44.9,2.6,49.4,8.04,48.3,29.33,50.3,4/22 (18%),5/22 (23%),6/21 (29%),4/21 (19%),4/21 (19%),4/21 (19%),5/21 (24%),7/21 (33%),9/21 (43%),10/21 (48%),11/21 (52%),10/21 (48%),9/21 (43%),9/21 (43%),8/21 (38%),5/21 (24%),4/21 (19%),7/21 (33%),8/21 (38%),8/21 (38%),13/21 (62%),15/21 (71%),15/21 (71%),15/21 (71%)
AIDC,2026-10-07,0.68,45.74394318114332,29.7 - 52.4,0.7,False,هبوط>=10% من القمة + تحت متوسط50,0.12,29.2,0.1,26.8,0.3,29.7,0.52,30.7,0.71,32.0,0.82,31.1,0.96,31.4,1.17,32.3,1.36,33.5,1.54,33.0,1.93,34.1,2.08,35.3,2.34,35.8,2.94,36.9,3.02,38.1,3.48,38.5,6.18,40.0,7.63,41.4,10.09,44.2,12.46,45.3,14.38,45.4,19.38,51.8,25.92,56.8,35.1,61.8,1/3 (33%),1/3 (33%),2/2 (100%),1/1 (100%),لا سوابق,لا سوابق,لا سوابق,لا سوابق,لا سوابق,لا سوابق,لا سوابق,لا سوابق,لا سوابق,لا سوابق,لا سوابق,لا سوابق,لا سوابق,لا سوابق,لا سوابق,لا سوابق,لا سوابق,لا سوابق,لا سوابق,لا سوابق
AIFI,2026-10-07,2.22,46.568794433389314,32.4 - 52.2,2.3,False,هبوط>=10% من القمة + تحت متوسط50,-0.15,27.2,0.12,30.2,0.34,32.2,0.54,32.7,0.7,33.4,0.84,34.0,1.27,33.5,1.45,33.4,1.67,33.6,1.65,33.6,1.66,34.3,2.06,33.4,2.01,34.4,2.74,35.7,3.03,36.5,2.85,36.4,5.43,39.2,7.16,41.3,10.44,46.2,13.11,47.6,16.49,47.7,22.03,52.4,28.04,57.6,30.03,57.9,25/52 (48%),22/52 (42%),17/52 (33%),19/52 (37%),19/52 (37%),23/52 (44%),25/51 (49%),24/51 (47%),24/51 (47%),23/51 (45%),24/50 (48%),24/50 (48%),28/50 (56%),27/50 (54%),30/50 (60%),30/50 (60%),27/50 (54%),23/50 (46%),24/49 (49%),29/49 (59%),31/49 (63%),34/49 (69%),34/49 (69%),43/49 (88%)
AIH,2026-10-07,0.84,67.91744874209759,41.8 - 67.9,0.76,True,ممتد - خطر مطاردة,0.9,47.0,0.72,44.9,1.32,42.3,2.14,42.1,2.44,42.0,2.52,43.2,5.77,43.9,4.63,42.4,3.56,42.7,3.78,43.4,4.48,43.6,5.55,41.2,4.28,41.7,3.92,39.2,5.02,40.3,5.6,39.3,7.03,40.2,8.07,42.5,8.74,45.3,8.68,45.6,10.92,48.0,13.93,46.4,15.18,48.1,18.15,49.2,6/14 (43%),6/14 (43%),5/14 (36%),7/14 (50%),8/14 (57%),7/14 (50%),7/14 (50%),5/14 (36%),4/14 (29%),4/14 (29%),3/14 (21%),0/14 (0%),4/14 (29%),4/14 (29%),4/14 (29%),7/14 (50%),8/14 (57%),9/14 (64%),9/14 (64%),3/12 (25%),7/12 (58%),6/12 (50%),8/12 (67%),7/12 (58%)
AJWA,2026-10-07,196.16,73.02610521435949,42.7 - 76.4,182.36,False,سيولة عالية,0.53,30.2,0.5,30.7,0.95,31.2,1.45,32.8,1.89,37.8,2.24,39.7,2.76,40.5,2.7,42.1,3.17,42.6,3.71,42.4,4.29,43.4,4.92,45.5,5.32,48.8,5.65,46.6,6.38,48.0,6.18,51.4,7.21,48.3,8.82,53.1,10.6,57.5,15.02,58.3,19.45,59.4,24.82,58.7,29.08,59.3,34.76,58.6,22/47 (47%),22/47 (47%),24/46 (52%),26/45 (58%),29/45 (64%),28/45 (62%),25/45 (56%),27/45 (60%),27/45 (60%),26/45 (58%),25/45 (56%),26/45 (58%),25/45 (56%),23/45 (51%),27/45 (60%),26/45 (58%),27/45 (60%),27/45 (60%),27/45 (60%),26/44 (59%),29/44 (66%),30/42 (71%),33/41 (80%),33/41 (80%)
ALCN,2026-10-07,33.55,53.03202284544668,49.6 - 62.5,33.08,False,زخم سعري,0.29,29.4,0.16,28.4,0.46,30.6,0.79,31.3,1.07,32.6,1.34,31.6,1.63,34.6,2.0,34.0,2.0,35.3,2.45,35.7,2.8,36.5,3.69,35.5,4.04,37.5,4.66,38.0,5.45,38.5,5.38,39.7,7.33,39.8,8.85,41.8,12.62,47.7,15.13,51.5,17.81,52.4,22.26,53.1,27.27,56.4,32.89,58.7,30/56 (54%),29/56 (52%),25/56 (45%),24/56 (43%),27/56 (48%),29/56 (52%),30/56 (54%),33/56 (59%),34/56 (61%),32/55 (58%),32/55 (58%),34/55 (62%),33/54 (61%),36/54 (67%),34/54 (63%),35/54 (65%),35/53 (66%),33/52 (63%),27/48 (56%),28/48 (58%),31/48 (65%),33/48 (69%),39/47 (83%),43/45 (96%)
ALEX,2026-10-07,22.1,54.03956391751085,50.6 - 68.3,21.38,False,هبوط>=15% من القمة,-0.61,29.8,-0.52,31.6,-0.11,31.3,0.15,27.3,-0.3,29.8,-0.05,32.6,0.43,27.5,-0.14,27.6,0.1,28.2,0.26,25.9,-0.54,27.7,0.01,30.0,-0.26,27.5,-0.28,26.7,1.59,26.2,0.26,30.8,1.45,28.7,2.98,35.6,5.79,38.3,6.43,45.8,8.92,43.3,13.65,54.1,16.7,53.2,16.34,50.4,0/1 (0%),0/1 (0%),0/1 (0%),لا سوابق,لا سوابق,لا سوابق,لا سوابق,لا سوابق,لا سوابق,لا سوابق,لا سوابق,لا سوابق,لا سوابق,لا سوابق,لا سوابق,لا سوابق,لا سوابق,لا سوابق,لا سوابق,لا سوابق,لا سوابق,لا سوابق,لا سوابق,لا سوابق
ALUM,2026-10-07,23.53,39.14004067028024,28.0 - 47.8,24.8,False,هبوط>=15% من القمة + تحت متوسط50,0.6,34.5,0.19,31.2,0.41,35.1,0.62,39.1,0.74,35.9,0.87,33.9,1.29,37.3,1.45,36.9,1.72,36.4,1.91,35.4,1.65,38.3,2.4,38.7,2.83,37.2,2.66,38.8,2.25,38.4,3.27,39.3,4.07,40.3,6.07,40.6,7.7,46.6,9.62,47.9,12.47,49.6,17.87,54.3,26.75,55.5,31.69,61.5,11/21 (52%),11/21 (52%),11/20 (55%),10/19 (53%),11/19 (58%),11/19 (58%),13/19 (68%),12/19 (63%),12/19 (63%),12/19 (63%),13/19 (68%),12/19 (63%),11/19 (58%),13/19 (68%),14/19 (74%),14/19 (74%),15/19 (79%),16/19 (84%),11/19 (58%),16/19 (84%),17/19 (89%),17/19 (89%),17/19 (89%),18/19 (95%)
AMER,2026-10-07,5.03,49.7266809473837,32.0 - 49.7,4.97,True,ممتد - خطر مطاردة + هبوط>=15% من القمة + تحت متوسط50,0.0,31.5,-0.07,30.3,-0.04,27.5,-0.38,29.7,-0.5,27.9,-0.42,31.6,-2.44,28.8,-2.29,28.5,-2.32,29.0,-2.42,28.8,-4.0,27.7,-5.86,26.2,-5.85,21.8,-5.29,17.7,-7.8,18.2,-8.11,17.0,-6.42,19.3,-11.32,18.2,-6.71,20.3,-5.3,24.4,-3.47,24.0,2.89,38.0,9.62,37.2,16.3,45.1,2/2 (100%),1/2 (50%),0/1 (0%),0/1 (0%),0/1 (0%),0/1 (0%),1/1 (100%),1/1 (100%),1/1 (100%),1/1 (100%),1/1 (100%),1/1 (100%),0/1 (0%),0/1 (0%),1/1 (100%),0/1 (0%),1/1 (100%),0/1 (0%),0/1 (0%),0/1 (0%),0/1 (0%),0/1 (0%),0/1 (0%),0/1 (0%)
AMES,2026-10-07,46.35,30.84618006511224,22.2 - 33.7,49.9,False,هبوط>=15% من القمة + تحت متوسط50,0.88,32.3,-0.23,29.7,-0.91,28.6,-0.85,31.6,-1.12,33.6,-0.38,32.3,0.67,33.7,0.26,37.8,0.49,34.5,2.23,40.7,0.54,38.3,1.5,30.8,0.09,32.1,5.17,31.9,-1.29,29.8,3.22,34.2,3.19,38.9,2.64,37.7,3.58,40.8,10.61,46.5,1.88,27.5,-5.86,23.6,-3.72,27.4,-9.64,37.6,لا سوابق,لا سوابق,لا سوابق,لا سوابق,لا سوابق,لا سوابق,لا سوابق,لا سوابق,لا سوابق,لا سوابق,لا سوابق,لا سوابق,لا سوابق,لا سوابق,لا سوابق,لا سوابق,لا سوابق,لا سوابق,لا سوابق,لا سوابق,لا سوابق,لا سوابق,لا سوابق,لا سوابق
AMIA,2026-10-07,19.18,61.51188783483824,55.1 - 64.1,18.51,False,زخم سعري,0.47,32.8,0.27,33.1,0.38,36.0,0.6,33.7,0.86,35.3,0.87,38.0,1.92,43.4,2.59,42.4,2.54,40.9,2.56,43.3,3.13,42.6,4.15,47.8,4.66,52.7,6.43,46.2,6.91,42.3,7.65,43.5,8.59,44.2,10.34,47.8,11.19,45.0,11.14,50.0,9.59,46.8,15.53,53.1,20.2,51.6,26.93,55.5,36/95 (38%),35/95 (37%),42/94 (45%),48/93 (52%),47/92 (51%),47/92 (51%),50/92 (54%),52/92 (57%),53/92 (58%),51/92 (55%),50/92 (54%),48/92 (52%),49/92 (53%),52/92 (57%),52/92 (57%),49/92 (53%),56/92 (61%),56/92 (61%),55/92 (60%),49/92 (53%),58/90 (64%),62/90 (69%),70/89 (79%),72/89 (81%)
AMII,2026-10-07,11.81,37.830792544182046,27.8 - 59.8,13.3,False,هبوط>=15% من القمة + تحت متوسط50,-0.09,32.2,0.13,29.7,0.13,32.8,0.21,31.8,0.35,33.4,0.48,31.0,0.32,32.1,0.81,32.9,0.66,34.0,0.54,34.0,0.28,35.6,0.81,34.8,-0.53,34.9,-0.72,31.1,-1.16,28.8,-0.81,33.3,2.51,35.5,2.06,34.6,5.67,35.2,7.68,38.7,11.23,37.9,14.72,45.5,21.34,52.1,25.95,51.1,1/3 (33%),1/3 (33%),2/3 (67%),2/3 (67%),2/3 (67%),1/3 (33%),1/3 (33%),1/3 (33%),1/3 (33%),1/3 (33%),1/3 (33%),2/3 (67%),1/3 (33%),1/3 (33%),1/3 (33%),1/3 (33%),1/3 (33%),1/3 (33%),1/3 (33%),1/3 (33%),1/3 (33%),1/3 (33%),3/3 (100%),3/3 (100%)
AMOC,2026-10-07,14.48,66.55815831563582,52.5 - 71.1,13.6,False,سيولة عالية,0.68,40.1,0.68,40.9,1.07,40.9,1.66,39.4,2.15,43.3,2.66,43.0,3.11,45.3,3.2,43.2,3.24,44.2,3.78,46.1,3.6,43.3,3.92,42.2,4.56,43.7,5.04,43.2,5.36,45.3,5.82,44.6,6.72,44.9,7.82,47.4,8.45,45.5,8.07,46.6,10.81,51.4,12.44,47.6,19.06,51.1,22.43,51.4,11/24 (46%),11/24 (46%),11/23 (48%),9/23 (39%),11/23 (48%),10/23 (43%),12/23 (52%),12/23 (52%),12/23 (52%),12/23 (52%),12/23 (52%),12/23 (52%),11/23 (48%),9/23 (39%),10/23 (43%),8/23 (35%),8/23 (35%),10/23 (43%),11/23 (48%),10/21 (48%),9/21 (43%),9/21 (43%),12/20 (60%),13/20 (65%)
AMPI,2026-10-07,2.73,46.01387805000449,32.0 - 49.3,2.77,False,هبوط>=10% من القمة + تحت متوسط50,0.18,28.7,0.16,29.5,0.39,31.3,0.61,31.5,0.86,32.6,0.92,32.6,1.45,35.8,1.74,34.7,1.87,36.7,2.07,36.7,2.46,36.4,2.86,37.4,3.22,39.7,4.27,41.6,4.54,41.8,5.42,42.8,7.92,45.2,9.64,47.6,11.15,47.3,13.19,47.8,16.19,48.8,22.72,59.7,29.9,61.5,35.74,69.6,1/3 (33%),1/3 (33%),1/2 (50%),1/1 (100%),لا سوابق,لا سوابق,لا سوابق,لا سوابق,لا سوابق,لا سوابق,لا سوابق,لا سوابق,لا سوابق,لا سوابق,لا سوابق,لا سوابق,لا سوابق,لا سوابق,لا سوابق,لا سوابق,لا سوابق,لا سوابق,لا سوابق,لا سوابق
APPC,2026-10-07,1.71,57.8167157218323,47.3 - 77.9,1.56,False,زخم سعري,-0.5,30.4,-0.94,29.3,-0.39,28.8,0.05,27.2,-0.63,28.5,-0.92,28.1,0.24,26.2,-0.87,26.9,0.24,27.6,0.47,29.4,0.29,27.1,0.94,29.5,1.75,29.2,1.72,26.6,2.13,28.2,0.98,30.3,2.71,27.8,6.01,33.6,7.7,39.4,8.07,43.1,11.7,47.0,18.71,43.3,15.8,43.0,19.48,43.1,1/5 (20%),3/5 (60%),3/5 (60%),3/5 (60%),3/5 (60%),4/5 (80%),3/4 (75%),4/4 (100%),3/3 (100%),3/3 (100%),3/3 (100%),3/3 (100%),3/3 (100%),2/3 (67%),1/3 (33%),1/3 (33%),2/3 (67%),1/3 (33%),1/3 (33%),3/3 (100%),3/3 (100%),2/3 (67%),3/3 (100%),3/3 (100%)
APSW,2026-10-07,8.47,52.28394428231129,32.0 - 57.3,8.34,False,هبوط>=15% من القمة + تحت متوسط50 + سيولة عالية,0.24,27.2,0.23,26.4,0.37,27.1,0.6,29.1,0.83,29.9,0.94,30.7,1.5,34.2,1.6,34.3,2.0,38.0,2.13,38.3,2.62,37.1,3.53,38.3,4.04,41.5,4.51,43.1,5.11,44.9,5.01,44.2,5.49,46.4,7.34,47.4,9.6,46.5,11.16,49.7,14.48,50.5,22.69,58.9,30.56,63.5,36.87,64.1,14/35 (40%),11/35 (31%),11/34 (32%),13/34 (38%),11/34 (32%),13/34 (38%),14/34 (41%),14/34 (41%),18/34 (53%),17/34 (50%),18/34 (53%),18/34 (53%),18/34 (53%),23/34 (68%),21/34 (62%),22/34 (65%),20/34 (59%),21/34 (62%),23/34 (68%),23/34 (68%),27/32 (84%),25/31 (81%),26/30 (87%),23/26 (88%)
ARAB,2026-10-07,0.27,65.7992249584482,26.5 - 68.0,0.24,True,ممتد - خطر مطاردة,0.9,39.3,0.59,38.4,0.93,40.4,1.46,40.6,1.63,43.6,1.98,41.5,2.6,44.9,2.7,41.3,2.92,42.3,3.39,43.2,3.95,44.9,4.2,43.3,4.14,43.4,4.82,42.7,5.5,43.4,5.85,44.3,6.52,44.7,7.56,45.3,9.48,47.4,10.41,46.3,14.64,49.8,16.12,50.5,22.24,51.8,27.28,55.1,3/6 (50%),3/6 (50%),3/6 (50%),3/5 (60%),4/5 (80%),3/5 (60%),4/5 (80%),4/5 (80%),3/5 (60%),3/5 (60%),3/5 (60%),3/5 (60%),3/5 (60%),3/5 (60%),4/5 (80%),3/5 (60%),3/5 (60%),4/5 (80%),4/5 (80%),5/5 (100%),5/5 (100%),5/5 (100%),5/5 (100%),4/4 (100%)
ARCC,2026-10-07,71.07,52.31506704842317,27.4 - 58.0,69.93,True,ممتد - خطر مطاردة + هبوط>=10% من القمة,0.28,31.2,0.14,29.1,0.22,33.2,0.42,30.4,0.73,35.0,0.95,31.3,1.2,32.3,1.25,32.6,1.35,33.0,2.51,36.4,2.26,35.1,2.84,36.1,2.38,34.4,3.5,35.8,3.47,36.9,3.93,37.1,5.45,38.7,7.27,39.5,10.39,45.1,11.37,45.2,11.44,46.6,18.25,49.4,23.99,55.2,32.19,57.5,2/4 (50%),2/4 (50%),1/3 (33%),2/2 (100%),2/2 (100%),2/2 (100%),2/2 (100%),2/2 (100%),2/2 (100%),2/2 (100%),2/2 (100%),2/2 (100%),2/2 (100%),2/2 (100%),2/2 (100%),2/2 (100%),2/2 (100%),2/2 (100%),2/2 (100%),2/2 (100%),2/2 (100%),2/2 (100%),2/2 (100%),2/2 (100%)
AREH,2026-10-07,1.29,40.34261547415255,22.9 - 45.4,1.35,False,هبوط>=15% من القمة + تحت متوسط50,0.48,33.1,0.14,31.9,0.43,35.1,0.64,36.8,0.74,34.4,0.91,34.5,1.07,34.7,1.24,34.5,1.49,35.4,1.72,35.1,1.25,36.7,1.97,40.3,1.75,40.8,2.09,39.6,1.86,38.4,2.11,41.0,3.5,42.8,5.23,44.3,8.39,49.3,9.69,47.8,11.44,51.6,21.47,53.7,26.47,59.5,30.46,56.6,1/4 (25%),1/4 (25%),2/3 (67%),2/2 (100%),1/2 (50%),0/2 (0%),0/2 (0%),0/2 (0%),0/2 (0%),0/2 (0%),0/2 (0%),0/2 (0%),0/2 (0%),0/2 (0%),0/2 (0%),0/2 (0%),0/2 (0%),0/2 (0%),2/2 (100%),0/2 (0%),0/2 (0%),0/2 (0%),0/2 (0%),0/2 (0%)
ASCM,2026-10-07,57.53,40.67564866740695,28.3 - 48.2,59.22,False,هبوط>=15% من القمة + تحت متوسط50,0.3,29.9,0.13,28.3,0.35,31.1,0.52,33.4,0.73,33.4,0.78,32.2,1.23,33.4,1.49,33.2,1.51,34.9,1.7,34.7,2.05,36.8,2.51,39.0,2.99,40.0,3.38,40.4,3.21,39.8,4.15,41.8,6.92,42.8,7.67,45.6,9.8,49.0,11.52,48.9,14.32,49.2,19.08,56.7,28.64,59.7,34.22,65.1,8/11 (73%),8/11 (73%),6/10 (60%),5/10 (50%),6/10 (60%),4/9 (44%),5/9 (56%),5/9 (56%),5/9 (56%),6/9 (67%),4/9 (44%),3/9 (33%),2/9 (22%),2/9 (22%),4/9 (44%),3/9 (33%),4/9 (44%),6/9 (67%),2/9 (22%),1/9 (11%),2/9 (22%),7/9 (78%),7/9 (78%),7/9 (78%)
ASPI,2026-10-07,0.36,37.515583295605055,27.8 - 53.3,0.4,False,هبوط>=15% من القمة + تحت متوسط50,0.36,32.2,0.15,28.6,0.08,32.2,0.29,35.2,0.53,35.7,0.71,33.5,1.33,33.2,1.04,33.3,0.77,34.5,1.22,33.9,0.89,37.5,0.86,35.1,0.68,35.6,0.46,33.7,0.68,33.5,1.23,29.7,2.28,36.9,2.76,33.6,6.62,46.8,10.64,45.0,11.13,51.1,19.71,51.2,39.79,59.9,33.13,55.5,0/3 (0%),0/3 (0%),0/2 (0%),0/1 (0%),لا سوابق,لا سوابق,لا سوابق,لا سوابق,لا سوابق,لا سوابق,لا سوابق,لا سوابق,لا سوابق,لا سوابق,لا سوابق,لا سوابق,لا سوابق,لا سوابق,لا سوابق,لا سوابق,لا سوابق,لا سوابق,لا سوابق,لا سوابق
ATLC,2026-10-07,6.35,50.12377790998685,34.7 - 59.3,6.55,True,ممتد - خطر مطاردة + هبوط>=15% من القمة,-0.12,31.6,-0.11,29.4,-0.21,30.6,0.17,30.6,0.27,31.3,0.51,30.2,0.57,30.5,1.29,33.6,0.43,31.3,1.11,34.2,1.88,33.7,1.84,33.9,2.43,34.8,2.31,33.1,4.54,32.7,5.3,34.2,6.24,35.5,7.99,35.1,11.15,40.7,10.97,39.8,10.62,40.1,17.01,42.0,22.77,51.7,30.01,54.5,1/3 (33%),1/3 (33%),0/2 (0%),0/1 (0%),لا سوابق,لا سوابق,لا سوابق,لا سوابق,لا سوابق,لا سوابق,لا سوابق,لا سوابق,لا سوابق,لا سوابق,لا سوابق,لا سوابق,لا سوابق,لا سوابق,لا سوابق,لا سوابق,لا سوابق,لا سوابق,لا سوابق,لا سوابق
ATQA,2026-10-07,12.25,52.91405413548976,36.7 - 74.6,12.4,False,زخم سعري,0.23,30.2,0.14,28.3,0.32,29.9,0.7,30.8,0.95,33.1,1.25,33.9,1.65,34.3,1.94,34.6,2.07,34.9,2.54,37.3,2.88,37.4,3.63,39.1,4.2,38.6,4.94,40.4,5.75,42.0,6.58,42.6,7.81,42.7,9.31,44.2,12.29,46.4,13.63,48.0,16.06,48.3,19.97,50.3,25.3,54.5,32.57,59.1,8/14 (57%),8/14 (57%),9/14 (64%),6/14 (43%),6/14 (43%),9/14 (64%),8/14 (57%),7/14 (50%),6/14 (43%),7/14 (50%),6/14 (43%),7/14 (50%),6/14 (43%),7/14 (50%),6/14 (43%),8/14 (57%),10/14 (71%),10/14 (71%),10/14 (71%),10/14 (71%),8/14 (57%),10/14 (71%),8/14 (57%),9/14 (64%)
AXPH,2026-10-07,1493.0,40.92376699163557,32.6 - 69.6,1608.66,False,هبوط>=10% من القمة + تحت متوسط50,0.13,28.8,0.11,27.5,0.33,30.6,0.29,31.5,0.52,32.9,0.78,31.5,0.79,32.1,1.28,33.4,1.47,33.2,1.7,35.3,2.19,33.4,3.05,37.5,4.43,36.2,3.89,32.7,7.15,38.6,5.52,39.6,6.68,39.4,7.02,40.3,8.85,44.5,10.58,44.2,12.6,43.2,15.64,47.1,21.63,53.6,24.94,54.9,8/20 (40%),10/20 (50%),8/20 (40%),13/20 (65%),13/20 (65%),12/20 (60%),12/20 (60%),13/20 (65%),12/20 (60%),15/20 (75%),16/20 (80%),16/20 (80%),16/20 (80%),13/20 (65%),13/20 (65%),12/20 (60%),11/20 (55%),14/20 (70%),14/20 (70%),15/20 (75%),16/20 (80%),18/20 (90%),20/20 (100%),20/20 (100%)
BIDI,2026-07-20,2.12,86.62474611720289,48.7 - 86.6,1.56,True,ممتد - خطر مطاردة,2.49,61.8,2.46,63.7,2.83,58.9,4.16,60.2,5.01,56.2,5.41,55.2,4.76,54.1,2.57,51.3,6.08,50.4,5.78,50.5,4.72,48.9,6.89,49.4,5.2,50.4,2.29,49.8,4.02,48.3,6.79,47.8,7.94,46.9,9.1,49.4,21.43,51.4,33.95,50.8,16.91,51.1,19.71,50.5,25.03,55.2,21.01,52.1,6/7 (86%),6/7 (86%),5/6 (83%),4/5 (80%),5/5 (100%),5/5 (100%),5/5 (100%),5/5 (100%),5/5 (100%),5/5 (100%),5/5 (100%),5/5 (100%),5/5 (100%),5/5 (100%),5/5 (100%),5/5 (100%),5/5 (100%),5/5 (100%),5/5 (100%),5/5 (100%),5/5 (100%),4/5 (80%),5/5 (100%),5/5 (100%)
BIGP,2026-10-07,0.24,46.71677789247747,37.1 - 55.4,0.25,False,هبوط>=15% من القمة + تحت متوسط50,-0.06,30.2,0.09,27.9,0.29,27.9,0.37,29.4,0.71,30.8,0.81,32.2,1.37,31.5,1.99,32.1,1.1,33.8,1.56,34.8,1.54,35.9,2.5,36.1,2.31,33.4,2.78,37.3,3.49,40.6,4.82,42.3,5.83,44.7,7.77,54.2,12.54,54.9,17.02,52.4,26.68,51.3,37.28,58.6,57.88,60.5,56.26,65.4,2/6 (33%),2/6 (33%),0/6 (0%),1/5 (20%),1/5 (20%),2/5 (40%),2/5 (40%),1/5 (20%),0/5 (0%),1/5 (20%),1/5 (20%),2/5 (40%),2/5 (40%),0/5 (0%),0/5 (0%),2/4 (50%),0/4 (0%),1/4 (25%),2/4 (50%),4/4 (100%),2/4 (50%),0/4 (0%),0/4 (0%),4/4 (100%)
BINV,2026-10-07,58.26,57.54733783651819,56.8 - 76.4,57.3,False,زخم سعري,-0.04,25.0,0.11,27.8,0.4,29.3,0.59,32.1,0.78,30.7,0.93,33.2,1.33,32.2,1.57,33.2,1.67,33.6,1.83,33.6,2.1,34.7,2.34,34.0,3.09,34.9,3.09,35.6,4.41,36.2,4.43,36.9,5.68,39.3,6.5,40.4,10.61,42.9,13.88,45.0,14.28,45.7,17.73,48.7,22.93,52.2,27.66,53.3,16/27 (59%),17/27 (63%),15/26 (58%),12/26 (46%),12/26 (46%),12/26 (46%),12/26 (46%),13/26 (50%),11/25 (44%),12/25 (48%),12/24 (50%),12/24 (50%),13/24 (54%),16/24 (67%),15/24 (62%),19/24 (79%),20/23 (87%),21/23 (91%),20/23 (87%),18/21 (86%),14/20 (70%),13/19 (68%),12/18 (67%),11/17 (65%)
BIOC,2026-10-07,330.0,54.64440744681741,32.3 - 59.7,289.66,False,هبوط>=15% من القمة + تحت متوسط50,-0.82,23.9,-0.33,25.1,-0.71,23.9,-1.9,23.4,-1.02,22.9,-0.94,24.4,-6.28,20.3,-7.52,22.2,-5.59,18.7,-4.9,15.1,-7.25,14.3,-6.33,16.4,-9.57,14.4,-9.8,12.3,-8.62,9.4,-11.76,13.5,-13.64,27.4,-17.44,18.7,-10.64,22.9,-13.45,14.9,-13.67,19.8,-9.64,35.9,-6.01,43.2,-4.54,28.9,13/48 (27%),14/48 (29%),15/48 (31%),16/48 (33%),19/48 (40%),16/48 (33%),15/48 (31%),20/48 (42%),17/48 (35%),14/48 (29%),15/48 (31%),14/48 (29%),12/48 (25%),15/48 (31%),12/48 (25%),12/48 (25%),21/48 (44%),22/48 (46%),21/48 (44%),14/48 (29%),17/48 (35%),18/48 (38%),25/48 (52%),37/48 (77%)
BONY,2026-10-07,4.36,53.09394236984276,21.4 - 53.1,4.26,True,ممتد - خطر مطاردة + هبوط>=15% من القمة + تحت متوسط50 + سيولة عالية,0.26,29.7,0.18,29.9,0.26,31.1,0.49,29.2,0.74,30.1,0.86,31.0,1.56,33.1,1.4,33.7,1.94,35.2,2.45,37.5,2.91,37.2,3.57,37.4,4.32,40.0,5.12,39.9,5.4,43.2,7.48,44.1,8.07,45.6,9.32,47.1,12.3,47.2,13.14,48.2,17.72,49.3,23.8,55.9,31.31,60.4,36.82,65.0,لا سوابق,لا سوابق,لا سوابق,لا سوابق,لا سوابق,لا سوابق,لا سوابق,لا سوابق,لا سوابق,لا سوابق,لا سوابق,لا سوابق,لا سوابق,لا سوابق,لا سوابق,لا سوابق,لا سوابق,لا سوابق,لا سوابق,لا سوابق,لا سوابق,لا سوابق,لا سوابق,لا سوابق
BTFH,2026-10-07,2.77,40.1630165913332,24.5 - 54.1,2.86,False,هبوط>=15% من القمة + تحت متوسط50,0.03,24.1,0.14,25.6,0.34,30.6,0.51,30.1,0.58,33.9,0.81,33.9,0.95,35.8,1.01,35.3,1.25,36.1,1.38,36.9,1.58,38.3,1.95,39.9,2.09,42.3,2.92,41.1,3.93,37.9,4.17,38.7,5.53,40.3,7.28,44.6,9.83,43.3,12.15,50.5,14.91,49.9,22.25,58.9,29.74,59.4,33.34,64.6,32/70 (46%),32/70 (46%),38/69 (55%),35/69 (51%),36/69 (52%),40/68 (59%),41/67 (61%),41/67 (61%),42/67 (63%),38/67 (57%),35/67 (52%),25/66 (38%),26/66 (39%),30/65 (46%),23/64 (36%),27/62 (44%),22/60 (37%),29/59 (49%),29/59 (49%),29/59 (49%),34/59 (58%),35/57 (61%),31/57 (54%),31/57 (54%)
CAED,2026-10-07,117.28,43.24406055264431,28.1 - 48.7,122.47,False,هبوط>=15% من القمة + تحت متوسط50,-0.6,25.0,0.07,27.4,-0.11,30.4,-0.17,29.7,-0.09,30.8,0.21,28.6,-0.39,30.2,-0.03,30.1,-0.12,32.4,-0.47,33.1,-0.93,30.3,-0.92,32.1,-1.02,31.2,-0.94,27.2,-2.44,26.1,-2.85,22.3,0.25,25.6,-2.73,24.9,2.76,32.8,6.64,42.2,13.43,37.8,11.57,44.8,21.54,49.3,37.19,49.3,3/29 (10%),14/29 (48%),15/29 (52%),13/29 (45%),17/29 (59%),15/28 (54%),18/28 (64%),18/28 (64%),17/28 (61%),16/28 (57%),17/28 (61%),20/28 (71%),18/28 (64%),22/28 (79%),21/28 (75%),19/28 (68%),23/28 (82%),25/28 (89%),26/28 (93%),25/28 (89%),25/28 (89%),26/28 (93%),28/28 (100%),28/28 (100%)
CANA,2026-10-07,44.93,52.491999771914905,52.5 - 74.9,45.0,False,زخم سعري,0.06,26.3,0.13,26.6,0.41,28.9,0.66,29.5,0.86,30.3,1.03,31.4,1.44,31.4,1.7,33.2,1.83,34.2,2.08,34.0,2.44,35.9,2.85,36.5,3.7,37.1,4.3,38.6,5.63,39.8,6.02,41.1,6.97,42.3,7.97,42.9,10.21,45.4,11.32,47.3,12.46,47.4,18.11,49.6,23.37,55.1,33.17,59.4,78/134 (58%),80/134 (60%),78/133 (59%),86/133 (65%),85/133 (64%),92/133 (69%),90/133 (68%),86/132 (65%),86/131 (66%),80/131 (61%),82/131 (63%),87/131 (66%),91/131 (69%),95/130 (73%),90/128 (70%),99/127 (78%),109/127 (86%),119/127 (94%),119/127 (94%),116/127 (91%),114/123 (93%),105/115 (91%),103/108 (95%),106/106 (100%)
CCAP,2026-10-07,6.62,51.90433833173604,50.0 - 80.7,6.81,False,زخم سعري,0.08,26.5,0.13,26.6,0.37,29.6,0.49,29.9,0.8,30.6,0.93,32.1,1.22,32.4,1.45,32.2,1.68,32.8,1.97,33.3,2.22,33.1,2.61,36.0,3.33,36.4,4.0,37.9,4.73,38.6,5.24,39.5,6.1,42.3,7.32,42.5,8.59,44.8,10.94,47.2,12.42,47.2,18.04,49.1,23.28,55.0,29.85,60.7,38/81 (47%),38/81 (47%),38/80 (48%),36/79 (46%),37/79 (47%),37/79 (47%),39/79 (49%),32/79 (41%),33/79 (42%),35/79 (44%),34/79 (43%),34/79 (43%),39/79 (49%),44/79 (56%),44/79 (56%),47/79 (59%),50/79 (63%),46/79 (58%),42/75 (56%),36/70 (51%),34/69 (49%),34/66 (52%),35/65 (54%),39/64 (61%)
CCRS,2026-10-07,2.32,40.803848348057805,38.3 - 54.5,2.48,False,هبوط>=15% من القمة + تحت متوسط50,-0.08,28.5,0.17,30.9,0.25,33.7,0.4,34.5,0.56,36.0,0.69,34.9,0.84,33.5,1.03,34.6,1.13,34.8,1.36,33.3,1.5,35.0,2.4,37.2,2.78,37.1,3.1,36.8,2.98,37.7,3.16,38.6,4.77,42.7,5.38,39.1,7.81,43.1,10.01,45.1,12.27,46.4,17.34,48.3,24.48,50.3,30.02,55.1,16/38 (42%),15/38 (39%),19/37 (51%),19/36 (53%),23/36 (64%),23/36 (64%),24/36 (67%),22/36 (61%),21/36 (58%),22/36 (61%),22/36 (61%),25/36 (69%),25/36 (69%),28/36 (78%),29/36 (81%),26/36 (72%),24/36 (67%),24/36 (67%),14/36 (39%),18/36 (50%),28/36 (78%),21/36 (58%),17/36 (47%),18/36 (50%)
CEFM,2026-10-07,137.8,46.92598843963235,28.8 - 58.3,141.02,False,تحت متوسط50,0.16,30.1,0.23,29.4,0.35,31.5,0.56,31.1,0.88,33.2,0.98,32.5,1.61,34.2,1.64,34.4,2.16,35.2,2.3,35.9,2.73,36.6,3.17,38.2,3.25,38.7,5.07,40.1,5.84,42.0,4.61,38.7,6.77,40.5,6.74,42.0,8.17,43.5,11.12,43.4,12.38,41.9,16.77,50.3,24.52,55.5,33.0,58.7,29/83 (35%),41/83 (49%),39/82 (48%),47/82 (57%),50/81 (62%),42/80 (52%),43/80 (54%),42/80 (52%),43/80 (54%),46/80 (57%),47/80 (59%),45/80 (56%),45/80 (56%),47/80 (59%),47/80 (59%),49/80 (61%),53/80 (66%),56/80 (70%),60/80 (75%),60/80 (75%),64/80 (80%),63/80 (79%),68/80 (85%),69/80 (86%)
CERA,2026-10-07,1.38,49.33561751849717,36.7 - 55.6,1.39,False,هبوط>=15% من القمة,0.52,36.3,0.22,33.3,0.35,31.6,0.53,36.7,0.65,31.5,0.74,34.0,1.12,31.8,1.0,32.0,1.51,28.7,1.35,32.7,1.52,32.7,1.82,32.7,1.53,33.6,1.83,30.8,1.56,32.9,1.13,34.0,3.63,36.1,3.7,38.6,6.11,43.3,10.78,41.7,13.32,44.9,19.86,49.1,24.29,55.8,26.88,56.3,1/1 (100%),1/1 (100%),1/1 (100%),0/1 (0%),0/1 (0%),لا سوابق,لا سوابق,لا سوابق,لا سوابق,لا سوابق,لا سوابق,لا سوابق,لا سوابق,لا سوابق,لا سوابق,لا سوابق,لا سوابق,لا سوابق,لا سوابق,لا سوابق,لا سوابق,لا سوابق,لا سوابق,لا سوابق
CFGH,2026-10-07,0.11,35.43404888090794,35.4 - 55.9,0.11,False,هبوط>=15% من القمة + تحت متوسط50 + سيولة عالية,-0.4,15.4,0.19,25.7,0.27,23.4,0.33,25.0,0.42,18.4,0.74,26.2,0.68,22.6,0.88,27.4,0.85,24.6,1.14,27.8,1.12,27.2,1.31,24.0,1.61,28.5,2.32,26.5,2.78,30.7,3.38,36.0,4.7,35.8,5.66,33.2,6.39,44.1,8.63,43.0,13.99,48.7,16.71,48.8,23.25,54.0,33.14,64.9,5/29 (17%),10/29 (34%),9/28 (32%),9/28 (32%),9/28 (32%),8/27 (30%),8/26 (31%),6/26 (23%),10/25 (40%),10/25 (40%),9/25 (36%),10/25 (40%),11/25 (44%),13/25 (52%),14/25 (56%),16/25 (64%),15/25 (60%),14/25 (56%),15/25 (60%),15/25 (60%),10/25 (40%),5/17 (29%),3/15 (20%),9/15 (60%)
CICH,2026-10-07,12.1,47.54497210227417,28.9 - 62.8,12.28,False,تحت متوسط50,0.22,29.8,0.14,27.8,0.41,31.3,0.67,31.6,0.86,31.7,0.95,31.9,1.53,33.7,1.77,33.5,2.02,34.8,2.35,36.7,2.83,36.1,2.81,37.7,3.54,37.2,4.42,38.1,4.69,40.4,5.5,38.7,7.44,42.9,8.63,44.8,11.62,48.2,13.76,48.1,15.57,47.6,20.91,55.6,29.31,60.7,35.02,65.6,42/74 (57%),45/74 (61%),45/73 (62%),48/73 (66%),47/72 (65%),46/72 (64%),45/72 (62%),47/72 (65%),47/72 (65%),49/72 (68%),48/72 (67%),49/71 (69%),49/71 (69%),53/71 (75%),56/71 (79%),56/71 (79%),55/71 (77%),50/70 (71%),44/70 (63%),41/69 (59%),43/66 (65%),34/60 (57%),38/60 (63%),37/59 (63%)
CIEB,2026-10-07,24.0,43.27697078892866,34.0 - 56.9,24.52,False,هبوط>=15% من القمة + تحت متوسط50,0.16,24.2,0.14,21.5,0.33,24.7,0.55,27.8,0.67,29.0,0.82,26.2,0.92,29.2,1.07,27.0,1.18,29.5,1.24,30.7,1.56,31.4,1.79,33.0,2.53,33.7,3.05,34.6,3.02,35.4,3.56,34.8,5.49,34.0,7.68,37.9,10.46,44.6,12.08,45.9,13.9,49.2,18.39,46.7,24.88,60.7,33.62,62.9,17/45 (38%),17/45 (38%),19/44 (43%),20/44 (45%),19/44 (43%),13/43 (30%),13/43 (30%),17/43 (40%),17/43 (40%),19/43 (44%),18/43 (42%),17/41 (41%),18/41 (44%),18/41 (44%),19/41 (46%),23/41 (56%),24/41 (59%),24/41 (59%),24/40 (60%),23/40 (57%),23/39 (59%),20/37 (54%),14/30 (47%),14/28 (50%)
CIRA,2026-10-07,39.42,55.12355612787473,49.9 - 65.5,39.36,False,زخم سعري,0.44,30.0,0.26,31.1,0.6,29.4,0.94,31.7,1.2,31.5,1.24,35.0,1.52,33.7,1.88,37.8,2.24,37.8,2.71,39.4,3.13,37.3,4.11,40.0,4.69,41.9,5.8,44.0,6.32,43.8,6.76,45.5,7.98,44.6,11.71,46.0,12.77,47.8,13.06,49.3,12.91,48.7,15.73,48.8,21.51,51.2,27.61,60.6,30/85 (35%),31/85 (36%),28/84 (33%),27/83 (33%),28/82 (34%),30/81 (37%),27/81 (33%),28/81 (35%),25/81 (31%),23/81 (28%),23/81 (28%),27/81 (33%),29/81 (36%),25/80 (31%),24/80 (30%),23/79 (29%),20/79 (25%),17/79 (22%),21/79 (27%),21/79 (27%),20/79 (25%),26/79 (33%),30/79 (38%),36/79 (46%)
CLHO,2026-10-07,15.35,38.363697258902434,26.8 - 48.1,15.75,False,هبوط>=15% من القمة + تحت متوسط50,0.18,27.7,0.14,27.1,0.32,28.7,0.38,30.3,0.73,32.0,0.86,31.7,1.22,34.2,1.33,35.4,1.83,37.5,1.89,39.9,2.46,40.7,2.84,41.6,3.37,44.3,3.98,44.6,4.17,47.2,5.23,48.2,6.16,48.2,8.15,51.1,10.81,50.7,13.93,52.6,16.93,56.9,24.22,58.4,32.15,65.9,44.34,70.1,2/4 (50%),2/4 (50%),1/3 (33%),1/2 (50%),1/2 (50%),1/1 (100%),1/1 (100%),1/1 (100%),1/1 (100%),1/1 (100%),1/1 (100%),1/1 (100%),1/1 (100%),1/1 (100%),1/1 (100%),1/1 (100%),1/1 (100%),1/1 (100%),1/1 (100%),1/1 (100%),1/1 (100%),0/1 (0%),0/1 (0%),0/1 (0%)
CNFN,2026-10-07,4.33,45.851203063818176,18.8 - 45.9,4.37,False,هبوط>=15% من القمة + تحت متوسط50 + سيولة عالية,0.34,31.2,0.24,32.5,0.42,33.9,0.65,31.8,0.81,33.2,0.92,36.3,1.35,37.7,1.59,37.1,1.74,37.4,2.05,43.2,2.32,37.1,2.33,38.5,2.96,40.0,3.61,42.2,3.95,42.8,5.1,43.4,6.17,43.7,7.61,46.7,9.15,49.4,9.31,47.9,12.08,52.0,20.65,57.2,28.55,64.7,33.46,66.3,4/12 (33%),5/12 (42%),3/12 (25%),7/12 (58%),5/11 (45%),7/11 (64%),6/11 (55%),5/11 (45%),6/11 (55%),5/11 (45%),6/11 (55%),6/11 (55%),5/11 (45%),5/11 (45%),6/11 (55%),5/11 (45%),7/11 (64%),6/11 (55%),5/11 (45%),6/11 (55%),6/11 (55%),7/11 (64%),10/11 (91%),8/11 (73%)
COMI,2026-10-07,124.65,27.5855309222801,27.6 - 40.6,130.05,False,RSI<30 + هبوط>=10% من القمة + تحت متوسط50,-0.05,15.9,0.07,18.9,0.14,24.1,0.17,27.8,0.18,29.3,0.38,22.7,0.2,26.5,0.32,27.6,0.28,21.3,0.38,28.8,0.42,25.6,0.82,27.2,1.19,28.6,1.65,43.2,2.5,40.0,2.89,38.7,4.23,41.6,6.75,42.0,9.24,41.5,10.69,47.6,12.91,53.9,21.22,60.2,21.9,57.9,24.72,58.4,3/11 (27%),3/11 (27%),4/10 (40%),2/9 (22%),0/8 (0%),0/8 (0%),1/7 (14%),1/6 (17%),1/5 (20%),1/4 (25%),1/3 (33%),2/2 (100%),2/2 (100%),2/2 (100%),2/2 (100%),2/2 (100%),1/2 (50%),1/2 (50%),1/2 (50%),1/2 (50%),0/2 (0%),0/2 (0%),0/2 (0%),0/2 (0%)
COPR,2026-10-07,0.48,50.31195091534382,41.1 - 59.9,0.48,False,هبوط>=10% من القمة,0.13,28.8,0.11,26.8,0.31,30.4,0.54,30.2,0.66,30.1,0.97,31.6,1.23,35.3,1.61,34.0,1.77,33.9,1.99,35.2,2.55,35.6,3.01,36.2,3.83,38.6,4.64,38.9,5.39,40.1,5.95,39.5,6.64,39.4,8.33,42.7,9.07,45.4,11.79,45.8,13.5,47.3,18.44,50.0,24.02,55.9,32.36,58.9,12/19 (63%),12/19 (63%),10/19 (53%),10/19 (53%),11/19 (58%),13/18 (72%),16/18 (89%),16/18 (89%),15/18 (83%),13/18 (72%),12/18 (67%),11/18 (61%),10/18 (56%),10/18 (56%),11/18 (61%),10/17 (59%),10/17 (59%),8/17 (47%),8/17 (47%),8/17 (47%),8/17 (47%),8/17 (47%),8/17 (47%),8/17 (47%)
COSG,2026-10-07,1.61,39.23612760043356,25.5 - 56.5,1.71,False,هبوط>=15% من القمة + تحت متوسط50,0.77,31.7,0.18,31.1,0.43,34.2,0.65,36.3,0.86,37.6,0.92,36.0,1.52,36.8,1.77,36.9,1.81,39.1,2.05,41.6,2.29,38.6,2.69,39.9,3.24,42.3,3.51,41.8,3.85,42.8,4.52,43.9,5.59,46.3,7.31,47.5,9.11,49.6,10.06,47.5,12.14,49.7,20.11,55.0,26.46,59.2,32.78,63.6,0/3 (0%),0/3 (0%),0/2 (0%),0/1 (0%),لا سوابق,لا سوابق,لا سوابق,لا سوابق,لا سوابق,لا سوابق,لا سوابق,لا سوابق,لا سوابق,لا سوابق,لا سوابق,لا سوابق,لا سوابق,لا سوابق,لا سوابق,لا سوابق,لا سوابق,لا سوابق,لا سوابق,لا سوابق
CPCI,2026-10-07,600.0,73.79944282639501,66.1 - 78.3,565.26,False,زخم سعري,0.63,31.8,0.43,28.9,0.95,36.3,1.54,39.3,1.84,42.6,2.03,40.2,3.04,42.0,3.04,41.5,3.4,43.5,3.62,41.2,3.79,42.9,4.75,42.6,5.52,46.4,5.24,44.3,6.42,45.9,6.33,45.0,7.73,47.1,7.92,49.1,10.57,53.7,14.17,53.8,17.48,57.7,19.74,61.2,22.7,54.8,22.37,49.6,45/83 (54%),40/83 (48%),42/82 (51%),43/81 (53%),44/80 (55%),48/80 (60%),53/80 (66%),51/79 (65%),51/79 (65%),54/79 (68%),54/79 (68%),55/79 (70%),56/79 (71%),54/79 (68%),54/79 (68%),53/79 (67%),54/79 (68%),57/79 (72%),59/79 (75%),62/77 (81%),61/73 (84%),56/70 (80%),50/64 (78%),45/54 (83%)
CRST,2026-10-07,3.1,47.94233643067106,34.5 - 72.9,3.41,True,ممتد - خطر مطاردة + هبوط>=15% من القمة,-0.75,29.9,0.18,33.8,-0.22,29.3,-0.86,30.0,-1.25,29.4,-0.56,28.9,-1.01,30.9,-2.45,22.3,-3.23,29.8,-2.59,38.9,-1.62,25.0,-3.76,25.1,-5.91,21.8,-6.39,14.3,-7.36,12.4,-9.49,10.4,-15.81,17.4,-19.76,15.4,-17.93,13.4,-17.58,16.3,-12.73,18.8,-7.63,19.2,1.23,27.0,12.08,29.3,0/1 (0%),0/1 (0%),0/1 (0%),0/1 (0%),0/1 (0%),0/1 (0%),0/1 (0%),0/1 (0%),0/1 (0%),0/1 (0%),0/1 (0%),0/1 (0%),0/1 (0%),0/1 (0%),0/1 (0%),0/1 (0%),0/1 (0%),0/1 (0%),0/1 (0%),0/1 (0%),1/1 (100%),0/1 (0%),1/1 (100%),0/1 (0%)
CSAG,2026-10-07,36.73,44.6927221693187,34.4 - 49.9,37.37,False,هبوط>=15% من القمة + تحت متوسط50,0.3,31.7,0.13,30.3,0.37,33.0,0.65,34.7,0.85,36.5,0.9,33.8,1.44,33.2,1.69,34.6,1.81,34.7,1.85,35.6,2.31,35.0,2.77,37.4,3.09,38.1,3.64,38.4,3.93,40.7,4.72,40.7,6.71,43.3,9.23,45.1,11.64,47.9,13.14,48.6,16.5,50.6,22.87,56.0,29.6,59.7,35.83,63.6,31/63 (49%),31/63 (49%),31/62 (50%),28/61 (46%),31/61 (51%),34/61 (56%),27/61 (44%),30/61 (49%),27/61 (44%),27/61 (44%),26/61 (43%),27/59 (46%),27/58 (47%),26/58 (45%),22/58 (38%),26/58 (45%),30/58 (52%),34/58 (59%),41/58 (71%),51/58 (88%),50/58 (86%),52/58 (90%),52/58 (90%),48/58 (83%)
DAPH,2026-10-07,106.63,47.79704167715058,30.3 - 49.1,108.66,True,ممتد - خطر مطاردة + هبوط>=15% من القمة + تحت متوسط50 + سيولة عالية,0.17,33.2,0.15,32.4,0.01,32.5,-0.09,33.3,-0.01,32.3,0.4,27.0,-1.37,28.5,-1.04,28.1,-0.64,28.4,0.57,32.1,-0.51,27.8,-2.58,29.1,-2.12,31.5,-0.35,27.7,-1.67,27.8,-0.78,31.9,2.1,32.3,3.75,29.5,4.24,35.4,6.78,36.7,11.05,40.0,18.96,46.9,28.31,57.1,34.79,56.8,1/1 (100%),1/1 (100%),لا سوابق,لا سوابق,لا سوابق,لا سوابق,لا سوابق,لا سوابق,لا سوابق,لا سوابق,لا سوابق,لا سوابق,لا سوابق,لا سوابق,لا سوابق,لا سوابق,لا سوابق,لا سوابق,لا سوابق,لا سوابق,لا سوابق,لا سوابق,لا سوابق,لا سوابق
DCRC,2026-09-30,50.0,48.83911479283013,36.7 - 63.9,50.68,False,هبوط>=15% من القمة,-0.83,25.2,1.11,38.4,1.37,42.2,0.76,43.6,1.56,42.4,1.18,39.4,2.41,36.5,1.33,41.2,1.18,38.3,0.76,40.5,1.66,38.4,1.09,39.6,2.14,41.1,4.72,40.4,3.04,39.7,4.89,39.2,6.68,38.9,5.21,45.2,11.22,48.2,11.52,43.4,13.43,46.5,22.71,46.0,25.25,50.4,33.67,56.1,4/9 (44%),4/9 (44%),6/9 (67%),6/9 (67%),6/9 (67%),5/9 (56%),5/9 (56%),4/9 (44%),5/9 (56%),6/9 (67%),6/9 (67%),5/9 (56%),6/9 (67%),7/9 (78%),6/9 (67%),7/9 (78%),7/9 (78%),8/9 (89%),7/9 (78%),8/9 (89%),7/9 (78%),7/8 (88%),8/8 (100%),7/8 (88%)
DEIN,2026-10-07,12.42,70.91587748942669,49.0 - 70.9,12.41,True,ممتد - خطر مطاردة,10.92,61.1,-0.52,1.0,-0.36,1.1,-0.62,1.4,-0.64,2.1,-0.3,2.8,-1.4,3.3,-1.99,3.6,-1.38,3.6,-0.85,4.0,-2.02,10.1,-3.97,3.9,-2.32,6.0,-3.25,7.5,-2.62,7.5,-3.16,5.0,-5.34,1.6,6.54,6.3,-18.01,6.7,-13.23,4.9,-31.65,6.2,35.74,7.3,-7.81,6.0,102.46,9.0,6/6 (100%),0/6 (0%),1/5 (20%),1/4 (25%),2/4 (50%),1/4 (25%),1/4 (25%),0/4 (0%),1/4 (25%),0/4 (0%),0/4 (0%),1/4 (25%),0/4 (0%),1/4 (25%),0/4 (0%),0/4 (0%),1/4 (25%),2/4 (50%),0/4 (0%),3/4 (75%),4/4 (100%),4/4 (100%),4/4 (100%),4/4 (100%)
DGTZ,2026-10-07,2.2,36.158262987904365,16.3 - 38.9,2.33,False,هبوط>=15% من القمة + تحت متوسط50,0.31,35.5,-0.07,28.7,0.14,36.2,0.36,40.9,1.21,40.8,0.7,37.7,1.84,41.3,2.08,40.8,0.6,43.3,0.88,43.8,1.27,40.1,0.67,41.1,3.76,40.8,2.34,46.0,8.96,42.4,12.75,43.7,35.14,62.6,34.52,62.0,66.09,68.7,64.97,75.1,84.77,72.4,68.67,69.6,67.59,59.9,84.09,70.3,2/8 (25%),2/8 (25%),1/7 (14%),2/6 (33%),2/5 (40%),2/5 (40%),2/5 (40%),1/5 (20%),2/5 (40%),2/5 (40%),2/5 (40%),1/5 (20%),1/5 (20%),1/5 (20%),1/5 (20%),1/5 (20%),2/5 (40%),4/5 (80%),5/5 (100%),4/5 (80%),3/5 (60%),3/4 (75%),3/3 (100%),3/3 (100%)
DOMT,2026-10-07,24.0,35.43677295018206,27.3 - 43.8,25.78,False,هبوط>=15% من القمة + تحت متوسط50 + سيولة عالية,-0.18,21.7,0.26,32.5,0.38,34.8,0.51,31.3,0.74,34.5,0.85,34.4,1.07,37.5,1.33,36.3,1.53,36.0,1.84,35.6,2.0,35.9,1.93,35.9,2.3,35.2,2.56,36.8,3.08,38.3,4.03,39.0,4.21,41.4,5.87,43.7,6.38,45.6,8.21,46.6,11.7,51.7,17.15,51.0,23.19,59.2,27.29,62.9,4/10 (40%),4/10 (40%),4/9 (44%),4/9 (44%),4/9 (44%),4/9 (44%),2/9 (22%),2/9 (22%),2/9 (22%),2/8 (25%),2/8 (25%),2/8 (25%),2/8 (25%),2/8 (25%),2/8 (25%),2/8 (25%),2/8 (25%),2/8 (25%),3/8 (38%),3/8 (38%),3/8 (38%),3/8 (38%),3/8 (38%),8/8 (100%)
DSCW,2026-10-07,1.7,35.05649040911905,23.2 - 39.3,1.76,False,هبوط>=15% من القمة + تحت متوسط50,0.22,29.9,0.08,26.6,0.29,33.1,0.38,31.3,0.57,34.7,0.8,33.0,1.03,36.6,1.4,39.5,1.52,44.8,1.64,44.7,2.15,40.2,2.45,40.9,2.97,46.6,3.47,43.8,3.53,49.5,4.1,57.1,6.08,50.5,7.09,52.8,11.02,54.3,13.17,57.7,16.14,56.6,21.71,58.6,35.17,66.6,36.29,69.5,3/7 (43%),3/7 (43%),3/6 (50%),3/5 (60%),3/4 (75%),3/4 (75%),3/4 (75%),3/4 (75%),3/4 (75%),3/4 (75%),3/4 (75%),2/4 (50%),2/4 (50%),2/4 (50%),2/4 (50%),1/4 (25%),2/4 (50%),4/4 (100%),3/4 (75%),4/4 (100%),2/4 (50%),4/4 (100%),3/4 (75%),3/4 (75%)
DTPP,2026-10-07,305.0,49.70807712899448,38.0 - 62.9,317.95,True,ممتد - خطر مطاردة + هبوط>=15% من القمة,-0.04,27.1,0.02,28.0,-0.27,27.5,-0.04,26.3,-0.36,24.5,0.03,28.7,-2.12,26.3,0.28,26.4,-0.5,25.1,-0.13,28.7,-0.42,26.2,-0.54,29.0,-1.59,27.3,-2.52,23.4,-2.46,21.0,-3.39,21.0,-2.73,23.7,-2.56,26.0,-3.58,23.2,-0.46,24.0,0.36,26.3,6.87,28.9,7.95,35.5,16.82,41.4,3/12 (25%),3/12 (25%),3/11 (27%),6/11 (55%),5/11 (45%),4/11 (36%),5/11 (45%),4/11 (36%),2/11 (18%),3/11 (27%),3/11 (27%),3/11 (27%),5/11 (45%),4/11 (36%),2/11 (18%),3/11 (27%),3/11 (27%),2/11 (18%),4/11 (36%),4/11 (36%),4/11 (36%),6/11 (55%),9/11 (82%),10/11 (91%)
EALR,2026-10-07,344.0,41.566523403158016,26.8 - 46.8,357.56,False,هبوط>=15% من القمة + تحت متوسط50,-0.07,30.2,0.14,30.4,0.35,33.1,0.44,33.1,0.72,33.0,0.81,32.1,1.23,35.0,1.34,35.1,1.63,35.5,1.82,35.5,1.52,36.9,2.42,37.2,2.66,37.9,3.31,38.7,3.35,41.3,3.99,39.9,5.04,42.0,6.7,44.4,9.4,48.3,10.43,48.2,12.44,48.8,19.66,54.7,28.29,56.0,32.39,61.5,2/6 (33%),2/6 (33%),2/5 (40%),0/4 (0%),0/4 (0%),1/4 (25%),0/4 (0%),1/4 (25%),1/4 (25%),1/4 (25%),1/4 (25%),1/4 (25%),1/4 (25%),1/4 (25%),1/4 (25%),1/4 (25%),1/4 (25%),1/4 (25%),1/4 (25%),1/4 (25%),1/4 (25%),1/4 (25%),1/4 (25%),1/4 (25%)
EASB,2026-10-07,7.64,50.70914580176639,39.7 - 53.7,7.82,False,هبوط>=15% من القمة,-0.24,28.7,-0.19,26.6,-0.02,25.5,0.0,28.3,0.21,26.7,0.24,29.5,0.23,28.2,0.99,32.4,0.8,32.2,0.51,31.6,0.95,30.7,1.51,33.7,1.56,33.7,3.4,33.4,3.01,34.1,4.07,36.9,4.85,37.0,6.09,37.3,3.56,36.6,9.8,36.5,11.02,40.8,17.32,44.2,23.39,48.5,30.47,55.4,2/6 (33%),1/6 (17%),1/5 (20%),1/4 (25%),1/3 (33%),1/3 (33%),1/3 (33%),1/3 (33%),1/3 (33%),2/3 (67%),2/3 (67%),3/3 (100%),3/3 (100%),3/3 (100%),3/3 (100%),3/3 (100%),3/3 (100%),3/3 (100%),3/3 (100%),3/3 (100%),3/3 (100%),3/3 (100%),2/3 (67%),0/3 (0%)
EAST,2026-10-07,28.21,19.392671762806472,11.1 - 24.2,31.09,False,RSI<25 + هبوط>=15% من القمة + تحت متوسط50,-0.12,23.6,0.16,29.2,0.52,39.7,0.68,37.3,1.03,32.2,0.72,45.9,1.48,44.0,1.68,37.6,1.59,35.4,1.12,38.2,1.34,33.8,2.24,39.2,2.56,38.4,3.33,37.5,7.22,47.5,15.29,44.6,16.29,42.1,11.02,47.5,15.44,48.1,10.72,58.9,9.91,50.2,21.46,48.0,26.8,48.1,29.09,55.2,0/4 (0%),0/4 (0%),0/3 (0%),0/2 (0%),0/1 (0%),0/1 (0%),0/1 (0%),0/1 (0%),0/1 (0%),لا سوابق,لا سوابق,لا سوابق,لا سوابق,لا سوابق,لا سوابق,لا سوابق,لا سوابق,لا سوابق,لا سوابق,لا سوابق,لا سوابق,لا سوابق,لا سوابق,لا سوابق
EBSC,2026-10-07,1.78,39.81546741004112,30.6 - 51.3,1.92,False,هبوط>=15% من القمة + تحت متوسط50,0.39,32.2,0.14,33.3,0.4,34.4,0.61,36.8,0.64,34.4,0.83,32.6,1.18,35.6,1.75,35.4,1.71,32.6,1.81,35.4,1.78,37.7,2.28,37.5,3.09,37.9,2.82,36.4,3.03,36.7,3.6,38.7,4.86,40.1,5.05,41.6,6.65,44.5,7.54,47.4,9.93,48.8,15.24,50.8,25.21,56.6,28.62,60.9,0/7 (0%),0/7 (0%),0/6 (0%),1/6 (17%),2/6 (33%),2/6 (33%),2/6 (33%),2/6 (33%),1/6 (17%),1/6 (17%),1/6 (17%),3/6 (50%),3/6 (50%),3/6 (50%),4/6 (67%),3/6 (50%),6/6 (100%),6/6 (100%),6/6 (100%),6/6 (100%),6/6 (100%),6/6 (100%),6/6 (100%),6/6 (100%)
ECAP,2026-10-07,30.1,34.98774473203636,29.9 - 40.3,31.27,False,هبوط>=15% من القمة + تحت متوسط50,0.18,26.6,0.12,26.8,0.17,28.5,0.25,30.1,0.44,31.1,0.77,33.9,1.03,36.3,1.38,36.9,1.58,39.3,1.84,42.3,2.07,39.9,2.56,43.8,3.6,46.3,3.8,47.2,4.26,46.3,5.06,49.4,5.08,46.8,7.69,47.2,11.57,48.3,14.0,53.5,15.82,52.7,21.96,56.5,32.69,65.5,39.01,67.9,13/36 (36%),13/36 (36%),14/35 (40%),13/34 (38%),12/33 (36%),11/32 (34%),15/32 (47%),12/32 (38%),15/32 (47%),15/32 (47%),17/31 (55%),20/29 (69%),18/28 (64%),16/27 (59%),16/26 (62%),14/26 (54%),12/26 (46%),12/26 (46%),13/26 (50%),14/26 (54%),20/26 (77%),24/26 (92%),25/26 (96%),25/26 (96%)
EDFM,2026-10-07,410.0,56.72039414010357,28.0 - 56.7,402.31,False,سيولة عالية,0.56,32.1,0.31,29.0,0.6,31.2,0.88,29.4,1.13,29.5,1.45,33.1,1.8,33.6,1.98,36.1,2.53,36.5,2.92,38.4,3.55,37.1,4.63,38.8,5.03,41.5,5.74,42.4,7.26,44.3,6.24,42.9,8.39,44.1,10.45,49.3,12.47,50.3,13.75,53.7,16.62,54.7,24.19,61.1,27.98,59.3,36.13,62.4,82/99 (83%),40/99 (40%),38/98 (39%),47/97 (48%),36/97 (37%),47/97 (48%),44/97 (45%),53/97 (55%),47/97 (48%),47/97 (48%),49/97 (51%),52/97 (54%),56/97 (58%),57/97 (59%),49/97 (51%),52/97 (54%),51/97 (53%),54/97 (56%),53/97 (55%),54/97 (56%),59/97 (61%),79/97 (81%),84/97 (87%),81/97 (84%)
EEII,2026-10-07,2.13,42.48664571127059,37.2 - 50.6,2.2,False,هبوط>=15% من القمة + تحت متوسط50,0.02,29.4,0.18,32.1,0.39,33.6,0.57,33.8,0.62,32.5,0.82,34.9,1.21,35.9,1.33,35.9,1.48,35.4,1.64,35.2,1.57,37.2,2.26,36.7,2.2,37.7,2.2,36.7,2.55,38.4,3.09,38.6,4.75,40.5,6.44,41.4,8.98,46.1,10.48,48.7,12.74,50.2,20.1,52.1,28.26,55.7,32.43,60.1,12/28 (43%),12/28 (43%),9/27 (33%),5/26 (19%),5/25 (20%),3/25 (12%),4/25 (16%),3/25 (12%),5/25 (20%),6/25 (24%),5/25 (20%),4/24 (17%),3/23 (13%),3/23 (13%),4/23 (17%),6/23 (26%),5/23 (22%),6/23 (26%),7/23 (30%),16/23 (70%),21/23 (91%),15/23 (65%),17/23 (74%),20/23 (87%)
EFIC,2026-10-07,162.5,33.5088637560569,25.8 - 42.5,180.6,False,هبوط>=15% من القمة + تحت متوسط50,0.19,35.6,0.14,33.4,0.27,38.1,0.53,35.9,0.66,34.5,0.72,35.0,0.88,38.1,1.34,36.7,1.24,39.0,1.41,39.2,1.55,39.3,1.4,37.9,2.33,40.1,2.52,38.2,2.7,37.1,2.31,36.5,2.09,40.2,3.87,42.0,6.0,45.0,7.13,40.6,9.3,38.8,9.19,43.2,20.95,51.9,24.26,56.4,4/6 (67%),4/6 (67%),5/6 (83%),4/6 (67%),4/6 (67%),4/6 (67%),4/6 (67%),5/6 (83%),6/6 (100%),6/6 (100%),6/6 (100%),6/6 (100%),6/6 (100%),6/6 (100%),6/6 (100%),6/6 (100%),6/6 (100%),6/6 (100%),6/6 (100%),6/6 (100%),6/6 (100%),6/6 (100%),6/6 (100%),6/6 (100%)
EFID,2026-10-07,19.07,41.94838626860496,31.7 - 53.7,19.8,False,هبوط>=15% من القمة + تحت متوسط50,0.25,30.8,0.1,29.6,0.37,30.9,0.58,31.3,0.76,33.4,0.84,33.4,1.28,35.2,1.56,36.3,1.73,35.6,1.91,37.4,2.17,37.2,2.72,37.3,2.86,38.3,3.42,37.9,3.83,38.9,4.23,38.7,5.93,40.9,7.56,44.0,10.45,47.3,12.16,49.3,14.43,48.3,19.63,56.5,31.89,62.0,35.81,66.5,14/29 (48%),14/29 (48%),13/28 (46%),14/27 (52%),15/26 (58%),13/26 (50%),10/26 (38%),12/26 (46%),13/26 (50%),12/26 (46%),12/26 (46%),9/26 (35%),8/26 (31%),8/26 (31%),8/26 (31%),8/26 (31%),12/26 (46%),13/26 (50%),13/26 (50%),15/25 (60%),15/25 (60%),14/24 (58%),15/23 (65%),19/23 (83%)
EFIH,2026-10-07,25.23,64.08070788150924,37.2 - 64.1,23.42,True,ممتد - خطر مطاردة + سيولة عالية,1.01,37.9,0.57,35.3,0.88,37.1,1.34,34.6,1.8,43.2,1.98,44.2,2.3,42.7,2.79,43.2,3.32,44.8,3.43,45.2,4.04,44.6,4.28,45.3,4.89,46.0,6.22,46.6,6.86,47.2,8.07,45.6,8.79,46.9,8.59,47.7,11.2,49.7,11.92,51.5,15.23,55.9,19.17,54.2,23.36,55.2,30.75,59.2,1/3 (33%),1/3 (33%),0/2 (0%),0/2 (0%),0/2 (0%),0/2 (0%),0/2 (0%),0/2 (0%),0/2 (0%),0/2 (0%),0/2 (0%),1/2 (50%),0/2 (0%),0/2 (0%),1/2 (50%),2/2 (100%),2/2 (100%),2/2 (100%),1/2 (50%),1/2 (50%),1/2 (50%),لا سوابق,لا سوابق,لا سوابق
EGAL,2026-10-07,339.4,40.82186389817456,36.9 - 61.6,355.84,False,هبوط>=10% من القمة + تحت متوسط50 + سيولة عالية,0.21,24.5,0.26,25.2,0.3,27.8,0.36,28.1,0.59,28.7,0.85,28.9,0.92,30.3,1.21,31.1,1.56,31.8,1.9,32.1,1.99,34.7,2.7,32.6,3.46,35.7,4.32,34.9,5.77,38.0,5.38,38.7,7.59,43.9,8.93,45.4,10.64,48.4,13.88,49.5,17.12,55.9,21.04,54.3,30.52,61.3,36.69,64.7,15/36 (42%),15/36 (42%),19/35 (54%),16/34 (47%),14/33 (42%),19/33 (58%),17/33 (52%),19/33 (58%),19/33 (58%),19/33 (58%),19/33 (58%),17/33 (52%),14/33 (42%),14/33 (42%),18/33 (55%),15/33 (45%),21/33 (64%),29/33 (88%),28/33 (85%),31/32 (97%),32/32 (100%),26/30 (87%),24/30 (80%),30/30 (100%)
EGAS,2026-10-07,56.15,46.89533171941542,40.0 - 56.0,56.74,False,تحت متوسط50,0.17,26.4,0.15,29.6,0.36,31.5,0.56,31.7,0.79,31.9,0.91,30.5,1.2,30.9,1.45,30.8,1.6,31.5,2.07,31.6,2.41,33.8,2.56,34.7,2.78,36.0,3.67,37.1,3.8,38.4,4.5,36.8,7.3,41.5,8.46,42.6,10.64,46.1,13.68,45.2,14.91,46.5,19.77,52.4,28.07,58.0,35.45,63.4,33/72 (46%),34/72 (47%),33/71 (46%),33/70 (47%),32/70 (46%),33/69 (48%),35/69 (51%),35/68 (51%),32/67 (48%),33/67 (49%),28/67 (42%),27/66 (41%),28/65 (43%),25/65 (38%),24/65 (37%),23/65 (35%),20/65 (31%),19/64 (30%),21/64 (33%),28/64 (44%),30/64 (47%),31/60 (52%),42/60 (70%),42/58 (72%)
EGBE,2026-10-07,0.54,61.15843020638507,42.1 - 61.2,0.52,False,زخم سعري,0.53,34.0,0.27,27.7,0.47,31.6,0.68,31.6,0.99,32.8,1.27,37.0,1.8,36.5,2.14,39.5,2.54,37.6,2.64,40.8,2.77,40.9,3.41,43.2,4.42,43.5,4.76,46.9,5.32,48.3,5.61,47.2,6.76,47.1,7.59,47.4,10.49,48.1,12.94,48.9,15.5,46.6,18.41,57.0,24.25,59.2,32.73,63.1,26/61 (43%),27/61 (44%),23/60 (38%),23/59 (39%),23/58 (40%),22/58 (38%),22/58 (38%),22/58 (38%),24/58 (41%),28/58 (48%),32/58 (55%),31/58 (53%),29/58 (50%),32/58 (55%),29/58 (50%),30/58 (52%),30/58 (52%),28/58 (48%),28/57 (49%),26/56 (46%),26/55 (47%),26/55 (47%),27/54 (50%),22/53 (42%)
EGCH,2026-10-07,13.36,41.5953698783083,39.3 - 56.6,13.77,False,هبوط>=10% من القمة + تحت متوسط50,0.04,22.6,0.12,22.2,0.32,23.3,0.52,24.5,0.64,25.4,0.84,25.2,0.97,25.3,1.08,27.2,1.34,30.6,1.56,30.9,1.82,33.4,2.27,31.5,2.37,33.5,2.94,34.5,3.6,35.5,3.83,36.1,5.77,39.2,7.7,44.1,10.58,48.4,13.93,52.7,15.84,54.2,22.25,59.7,29.0,63.1,31.85,67.3,23/65 (35%),23/65 (35%),22/64 (34%),26/63 (41%),28/63 (44%),26/62 (42%),29/61 (48%),32/61 (52%),37/60 (62%),38/60 (63%),39/60 (65%),37/60 (62%),41/60 (68%),42/60 (70%),41/59 (69%),42/59 (71%),40/59 (68%),43/58 (74%),53/58 (91%),49/56 (88%),46/53 (87%),48/51 (94%),47/51 (92%),38/43 (88%)
EGREF,2026-10-07,22.47,43.50521815904318,39.0 - 50.9,24.67,False,هبوط>=15% من القمة + تحت متوسط50,-1.4,23.9,0.0,29.5,-0.05,31.1,-0.21,26.8,-0.21,30.3,-0.19,29.3,0.03,25.5,-0.34,26.3,-0.58,28.4,-1.06,31.9,-1.8,29.2,-3.04,31.0,-2.06,31.7,-1.88,25.5,-3.54,21.5,-2.82,25.5,-2.47,24.9,-2.64,18.5,-3.03,29.8,-0.3,35.2,3.58,63.9,14.12,59.4,18.61,59.1,28.08,59.4,1/10 (10%),6/10 (60%),5/9 (56%),5/8 (62%),3/7 (43%),4/7 (57%),5/7 (71%),6/7 (86%),4/7 (57%),6/7 (86%),6/7 (86%),6/7 (86%),6/7 (86%),5/7 (71%),6/7 (86%),6/7 (86%),4/7 (57%),6/7 (86%),3/7 (43%),4/7 (57%),6/7 (86%),7/7 (100%),3/7 (43%),6/7 (86%)
EGSA,2026-10-07,9.02,54.49989823642558,43.8 - 62.0,8.98,False,زخم سعري,0.07,14.3,-0.01,6.6,0.02,11.5,0.02,14.3,0.13,12.0,0.49,16.3,0.24,14.4,0.59,18.6,0.73,16.2,0.79,22.1,0.92,23.3,1.54,28.5,3.97,27.7,2.51,27.7,3.03,32.6,3.07,32.6,4.71,29.5,4.11,23.8,9.28,23.8,5.14,30.7,7.0,28.7,7.89,23.6,11.17,28.9,12.82,35.3,123/256 (48%),100/256 (39%),110/256 (43%),114/255 (45%),123/254 (48%),125/254 (49%),127/254 (50%),136/254 (54%),131/253 (52%),131/252 (52%),135/251 (54%),134/250 (54%),128/248 (52%),136/246 (55%),137/245 (56%),141/244 (58%),135/243 (56%),144/242 (60%),142/242 (59%),145/240 (60%),145/238 (61%),156/236 (66%),178/236 (75%),182/235 (77%)
EGTS,2026-10-07,16.35,41.67708752984522,37.1 - 64.1,17.18,False,هبوط>=15% من القمة + تحت متوسط50,-0.23,25.5,0.07,28.3,0.21,27.2,0.13,28.2,0.39,29.3,0.66,29.3,0.13,29.1,0.31,30.1,0.52,32.0,1.19,30.3,0.61,30.7,1.17,28.4,1.01,30.3,1.53,30.7,1.17,32.7,1.18,33.4,2.94,33.8,5.47,31.9,7.08,37.5,10.6,38.9,12.36,44.9,17.0,48.1,24.39,53.1,33.55,58.4,17/35 (49%),17/35 (49%),20/35 (57%),17/35 (49%),20/35 (57%),22/35 (63%),23/35 (66%),20/35 (57%),20/35 (57%),21/35 (60%),21/35 (60%),22/35 (63%),21/34 (62%),22/34 (65%),23/34 (68%),22/33 (67%),20/32 (62%),15/28 (54%),18/28 (64%),17/26 (65%),16/26 (62%),16/26 (62%),21/26 (81%),22/26 (85%)
EITP,2026-10-05,8.1,40.65811397356086,40.7 - 47.1,8.54,False,هبوط>=15% من القمة + تحت متوسط50,-0.46,12.5,2.32,30.7,0.09,29.1,0.55,32.5,0.5,36.1,0.32,25.4,2.34,25.5,2.04,29.0,1.21,29.3,7.01,27.7,1.71,23.1,-0.37,23.1,4.65,30.4,6.81,29.6,8.41,25.6,15.88,24.9,3.33,43.6,20.02,30.7,37.06,32.0,26.13,40.8,36.75,62.3,78.57,53.2,77.01,49.6,34.24,53.5,1/15 (7%),5/15 (33%),7/14 (50%),5/13 (38%),4/12 (33%),6/11 (55%),4/11 (36%),6/10 (60%),4/9 (44%),3/9 (33%),3/9 (33%),6/9 (67%),4/9 (44%),5/9 (56%),7/9 (78%),4/9 (44%),3/9 (33%),2/9 (22%),0/9 (0%),2/9 (22%),1/9 (11%),1/9 (11%),0/7 (0%),0/1 (0%)
ELEC,2026-10-07,1.87,38.52290795556676,24.4 - 43.5,1.93,False,هبوط>=15% من القمة + تحت متوسط50,0.07,29.1,0.09,26.1,0.32,31.4,0.44,30.6,0.72,33.7,0.8,33.6,1.13,35.0,1.37,35.0,1.67,36.3,1.99,37.1,2.33,35.3,2.13,42.0,1.91,31.2,2.57,42.7,2.72,44.2,3.18,45.2,9.97,45.8,4.34,49.7,14.01,54.9,5.57,47.2,9.71,52.9,11.93,55.1,23.28,60.6,26.86,58.5,3/11 (27%),2/11 (18%),3/10 (30%),5/9 (56%),5/8 (62%),5/8 (62%),4/8 (50%),3/8 (38%),3/8 (38%),4/8 (50%),5/8 (62%),4/8 (50%),2/7 (29%),2/7 (29%),2/7 (29%),2/7 (29%),3/7 (43%),4/7 (57%),2/7 (29%),1/7 (14%),2/7 (29%),4/7 (57%),5/7 (71%),5/7 (71%)
ELKA,2026-10-07,1.61,45.19093348243164,24.9 - 49.4,1.64,False,هبوط>=15% من القمة + تحت متوسط50,0.33,31.6,0.15,29.7,0.33,32.9,0.55,31.9,0.75,33.3,0.75,33.0,0.75,33.5,0.71,32.7,1.26,34.2,1.43,33.3,1.53,34.5,1.45,35.9,1.39,37.0,2.24,37.2,1.7,38.4,2.19,40.9,5.4,41.4,6.53,40.0,8.82,44.9,10.66,45.5,12.67,48.7,20.02,52.1,27.53,59.6,35.01,60.4,5/13 (38%),5/13 (38%),4/12 (33%),6/11 (55%),6/10 (60%),5/10 (50%),5/10 (50%),4/10 (40%),5/10 (50%),5/10 (50%),5/10 (50%),5/10 (50%),4/10 (40%),3/10 (30%),3/10 (30%),2/10 (20%),4/10 (40%),2/10 (20%),8/10 (80%),5/10 (50%),5/10 (50%),10/10 (100%),10/10 (100%),10/10 (100%)
ELNA,2026-10-07,34.35,42.87587590741365,32.1 - 42.9,34.98,False,هبوط>=15% من القمة + تحت متوسط50,-0.06,25.7,0.1,27.0,0.3,28.2,0.44,28.4,0.57,30.0,0.75,30.1,0.98,31.6,1.22,31.4,1.45,33.5,1.65,32.4,1.78,32.6,2.18,32.5,2.55,33.5,2.98,36.8,3.05,37.0,4.13,39.6,6.09,42.2,7.53,45.6,11.62,46.4,12.58,49.6,14.95,51.3,21.69,55.7,28.92,62.6,33.4,66.0,22/56 (39%),24/56 (43%),23/56 (41%),28/55 (51%),25/54 (46%),17/53 (32%),18/53 (34%),18/53 (34%),17/52 (33%),19/51 (37%),20/51 (39%),17/50 (34%),21/49 (43%),18/49 (37%),19/48 (40%),16/46 (35%),14/42 (33%),17/38 (45%),17/33 (52%),16/31 (52%),18/31 (58%),11/30 (37%),8/30 (27%),5/24 (21%)
ELSH,2026-10-07,12.08,43.95743165182068,24.4 - 45.4,12.35,False,هبوط>=15% من القمة + تحت متوسط50,0.32,31.3,0.19,30.4,0.34,32.6,0.55,32.3,0.72,33.7,0.76,36.2,0.8,36.6,1.25,35.5,1.48,35.0,1.4,36.7,1.85,38.1,2.8,37.2,2.07,37.3,2.38,37.6,1.83,40.1,2.56,41.6,4.6,43.9,6.79,44.5,8.96,48.1,10.94,47.1,12.12,48.0,17.98,53.4,25.56,58.0,33.5,61.8,4/8 (50%),4/8 (50%),4/7 (57%),4/6 (67%),3/5 (60%),2/5 (40%),2/5 (40%),3/5 (60%),3/5 (60%),3/5 (60%),3/5 (60%),2/5 (40%),3/5 (60%),5/5 (100%),5/5 (100%),5/5 (100%),5/5 (100%),5/5 (100%),5/5 (100%),4/5 (80%),3/5 (60%),5/5 (100%),5/5 (100%),4/5 (80%)
ELWA,2026-10-07,1.57,42.95501008847352,28.7 - 45.8,1.63,False,هبوط>=15% من القمة + تحت متوسط50,0.26,33.5,0.18,33.3,0.43,36.9,0.68,35.6,0.77,36.4,0.89,34.6,1.23,35.5,1.38,35.5,1.63,34.7,1.79,35.3,1.43,36.9,2.43,36.1,2.58,38.1,3.04,37.7,3.14,40.5,4.01,40.6,4.95,42.1,6.64,42.7,9.03,47.3,10.18,47.4,11.77,48.7,19.88,52.2,25.98,54.6,30.46,57.4,11/20 (55%),8/20 (40%),7/20 (35%),7/20 (35%),7/20 (35%),6/20 (30%),8/20 (40%),9/20 (45%),7/20 (35%),8/20 (40%),8/20 (40%),9/20 (45%),9/20 (45%),8/20 (40%),10/20 (50%),9/20 (45%),6/20 (30%),5/20 (25%),4/20 (20%),4/20 (20%),11/20 (55%),4/20 (20%),12/20 (60%),15/20 (75%)
EMFD,2026-10-07,12.7,43.77882006308039,34.7 - 57.7,13.47,False,هبوط>=10% من القمة + تحت متوسط50,0.13,34.1,0.14,31.8,0.3,34.2,0.61,36.9,0.86,38.8,0.97,39.6,1.3,39.5,1.33,37.8,1.6,36.2,1.63,37.2,1.66,37.3,1.9,37.2,2.04,36.5,2.61,37.0,3.08,39.4,3.56,39.3,5.53,39.8,6.71,40.2,10.98,44.9,14.93,46.8,15.69,47.9,20.75,52.2,25.02,53.1,31.78,56.7,56/107 (52%),54/107 (50%),49/107 (46%),48/107 (45%),52/107 (49%),54/106 (51%),60/106 (57%),62/106 (58%),58/106 (55%),56/106 (53%),61/105 (58%),64/104 (62%),61/103 (59%),60/103 (58%),62/103 (60%),62/103 (60%),63/103 (61%),62/103 (60%),62/103 (60%),61/102 (60%),69/102 (68%),75/101 (74%),76/99 (77%),80/99 (81%)
ENGC,2026-10-07,37.0,38.64185956970297,27.2 - 50.7,39.88,False,هبوط>=15% من القمة + تحت متوسط50,0.62,35.0,0.23,31.9,0.42,35.3,0.65,37.4,0.73,36.3,0.89,34.2,1.16,35.3,1.34,34.4,1.54,33.7,1.8,36.0,1.59,36.5,1.5,37.1,1.83,38.2,1.97,39.4,1.5,34.1,0.82,33.1,2.46,41.6,4.26,40.0,6.24,45.9,9.74,45.5,10.88,49.1,15.3,50.4,22.68,52.6,30.11,55.2,1/2 (50%),1/2 (50%),2/2 (100%),1/2 (50%),1/2 (50%),1/2 (50%),1/2 (50%),2/2 (100%),2/2 (100%),2/2 (100%),2/2 (100%),2/2 (100%),2/2 (100%),2/2 (100%),2/2 (100%),2/2 (100%),2/2 (100%),2/2 (100%),2/2 (100%),2/2 (100%),2/2 (100%),2/2 (100%),2/2 (100%),2/2 (100%)
EOSB,2026-10-07,1.64,54.436601618641305,54.4 - 54.4,1.64,True,ممتد - خطر مطاردة + سيولة عالية,2.14,75.8,0.14,5.8,0.28,11.5,0.54,14.8,0.78,16.5,0.86,25.1,0.56,26.3,1.09,28.1,1.05,26.1,1.48,31.8,1.25,36.9,1.95,37.0,1.73,38.1,1.64,40.4,2.94,58.0,4.61,53.2,9.96,65.5,16.09,55.6,16.05,65.9,56.95,55.3,41.87,57.9,23.07,68.4,73.21,63.8,66.41,80.4,41/47 (87%),6/47 (13%),9/46 (20%),10/45 (22%),10/44 (23%),13/43 (30%),12/42 (29%),13/41 (32%),15/40 (38%),18/39 (46%),18/38 (47%),20/36 (56%),18/34 (53%),17/32 (53%),17/30 (57%),15/30 (50%),17/28 (61%),19/28 (68%),21/28 (75%),20/26 (77%),8/16 (50%),11/13 (85%),11/13 (85%),13/13 (100%)
EPCO,2026-10-07,9.79,38.44462076101106,31.1 - 49.9,10.52,False,هبوط>=15% من القمة + تحت متوسط50,-0.07,27.6,0.12,31.9,0.33,31.6,0.5,33.1,0.43,34.3,0.72,30.6,0.93,32.7,1.14,33.9,1.33,36.1,1.64,33.4,1.21,38.7,1.57,35.9,1.51,34.4,1.8,35.3,1.55,37.8,1.98,37.8,3.13,39.1,5.27,39.4,7.77,43.6,10.68,46.4,12.36,48.0,17.31,51.7,26.23,55.5,32.65,60.8,1/7 (14%),2/7 (29%),2/6 (33%),2/5 (40%),1/4 (25%),0/4 (0%),1/4 (25%),1/4 (25%),1/4 (25%),2/4 (50%),2/4 (50%),2/4 (50%),2/4 (50%),2/4 (50%),2/4 (50%),2/4 (50%),2/4 (50%),2/4 (50%),2/4 (50%),2/4 (50%),2/4 (50%),2/4 (50%),2/4 (50%),2/4 (50%)
EPPK,2026-09-09,9.78,24.99582590191289,25.0 - 45.5,12.24,False,RSI<25 + هبوط>=15% من القمة + تحت متوسط50 + سيولة عالية,-1.15,27.6,0.77,41.4,1.0,41.2,1.82,46.2,1.97,45.6,1.6,45.6,2.57,45.9,2.78,47.1,2.77,51.0,2.42,47.0,2.33,50.6,2.81,49.3,2.75,46.9,3.29,46.9,4.55,48.0,2.08,41.6,3.25,38.1,1.33,38.1,6.44,43.3,8.24,46.1,9.01,40.8,13.0,50.9,12.8,48.8,17.94,53.7,1/13 (8%),1/13 (8%),2/12 (17%),2/12 (17%),3/12 (25%),4/12 (33%),6/12 (50%),6/12 (50%),6/12 (50%),5/12 (42%),4/12 (33%),5/12 (42%),5/12 (42%),4/12 (33%),4/12 (33%),5/12 (42%),6/12 (50%),8/12 (67%),10/12 (83%),5/12 (42%),5/12 (42%),5/12 (42%),5/12 (42%),5/12 (42%)
ETEL,2026-10-07,148.0,72.19306133750248,63.4 - 78.8,136.43,True,ممتد - خطر مطاردة,0.56,36.5,0.41,35.9,0.99,37.6,1.52,40.0,1.92,37.0,2.09,39.4,2.71,39.7,2.94,41.8,2.87,40.7,3.16,42.9,3.57,42.4,4.23,42.8,4.8,43.8,5.24,41.6,5.56,41.9,6.34,43.3,7.22,47.0,7.81,46.0,9.48,50.0,11.32,51.9,15.88,52.7,20.56,52.3,24.58,52.9,26.81,56.2,18/40 (45%),18/40 (45%),22/39 (56%),16/39 (41%),18/39 (46%),21/39 (54%),19/39 (49%),21/39 (54%),22/39 (56%),24/39 (62%),22/39 (56%),25/39 (64%),27/39 (69%),27/39 (69%),27/38 (71%),24/36 (67%),27/36 (75%),28/36 (78%),27/34 (79%),29/34 (85%),29/34 (85%),28/34 (82%),26/34 (76%),27/34 (79%)
ETRS,2026-10-07,10.8,50.54851346280232,29.6 - 56.4,10.73,False,تحت متوسط50,0.34,28.8,0.28,30.9,0.54,30.8,0.81,31.1,1.1,32.1,1.2,32.9,1.52,33.3,1.77,35.6,2.24,34.2,2.74,40.3,2.73,37.2,3.56,39.5,3.56,37.9,4.23,37.9,3.62,39.7,4.27,44.4,6.59,45.4,7.81,44.6,10.21,44.1,11.71,45.4,14.13,46.7,17.74,53.5,26.8,57.5,36.64,64.6,7/13 (54%),7/13 (54%),6/13 (46%),5/12 (42%),4/11 (36%),3/11 (27%),3/11 (27%),4/11 (36%),4/11 (36%),4/11 (36%),4/11 (36%),5/11 (45%),5/11 (45%),4/11 (36%),4/11 (36%),4/11 (36%),5/11 (45%),5/11 (45%),6/11 (55%),6/11 (55%),10/11 (91%),10/11 (91%),8/11 (73%),6/10 (60%)
EXPA,2026-10-07,15.82,45.998444348765766,45.5 - 64.4,16.13,False,تحت متوسط50,0.1,21.4,0.13,22.7,0.34,26.1,0.6,28.2,0.7,27.1,0.94,27.8,1.15,30.7,1.15,28.3,1.47,35.6,1.71,30.8,2.08,32.9,2.64,35.3,2.84,36.3,3.22,34.0,3.28,36.8,3.83,36.8,6.03,40.9,7.94,48.1,11.24,52.9,14.46,53.0,16.31,55.4,23.99,55.2,32.92,61.5,36.58,63.2,40/67 (60%),38/67 (57%),43/67 (64%),45/66 (68%),42/66 (64%),45/65 (69%),46/65 (71%),47/65 (72%),44/65 (68%),49/65 (75%),51/65 (78%),53/65 (82%),54/65 (83%),55/64 (86%),53/63 (84%),52/63 (83%),53/63 (84%),55/63 (87%),59/63 (94%),60/63 (95%),60/63 (95%),54/54 (100%),52/53 (98%),52/53 (98%)
FAIT,2026-10-07,45.59,54.369652375136006,40.3 - 67.6,45.86,False,زخم سعري,0.5,32.3,0.23,28.3,0.58,31.4,0.93,30.8,1.24,33.6,1.45,34.7,1.95,36.2,2.19,37.5,2.32,38.9,2.86,40.0,3.34,40.0,4.3,42.3,5.33,42.6,5.77,44.6,6.35,45.2,6.97,46.3,8.24,47.2,10.46,48.0,12.45,49.3,13.68,50.0,15.25,51.3,20.09,57.8,24.94,57.7,32.72,61.3,23/47 (49%),22/47 (47%),20/46 (43%),21/45 (47%),20/45 (44%),18/45 (40%),20/45 (44%),20/45 (44%),20/45 (44%),19/45 (42%),19/45 (42%),24/45 (53%),23/45 (51%),21/45 (47%),22/45 (49%),23/45 (51%),23/45 (51%),26/45 (58%),29/44 (66%),29/44 (66%),25/40 (62%),14/30 (47%),15/29 (52%),14/24 (58%)
FAITA,2026-10-07,1.01,65.05206476227168,43.2 - 65.1,0.99,True,ممتد - خطر مطاردة + سيولة عالية,0.7,19.7,0.34,13.7,0.39,11.2,0.68,10.4,0.6,12.9,1.0,14.9,1.08,15.0,1.16,16.2,1.74,19.6,1.93,13.8,1.85,17.0,1.82,13.5,2.39,14.6,1.89,18.0,2.78,15.4,3.22,15.4,4.78,22.3,5.76,21.2,7.51,25.2,8.32,14.9,7.15,33.5,10.28,18.6,5.4,26.0,23.32,32.8,31/89 (35%),29/89 (33%),40/89 (45%),39/89 (44%),42/89 (47%),39/89 (44%),41/89 (46%),44/89 (49%),43/89 (48%),46/89 (52%),43/89 (48%),43/89 (48%),47/89 (53%),42/89 (47%),43/89 (48%),44/89 (49%),43/89 (48%),42/88 (48%),37/87 (43%),37/87 (43%),35/87 (40%),37/87 (43%),29/87 (33%),37/87 (43%)
FERC,2026-10-07,76.1,45.28034011908964,34.5 - 56.6,77.27,False,هبوط>=15% من القمة + تحت متوسط50,0.11,25.6,0.12,26.5,0.38,30.1,0.6,31.2,0.8,32.5,0.88,31.8,1.13,34.2,1.47,34.7,1.54,34.4,1.74,38.2,2.26,37.6,2.58,36.1,3.09,40.0,3.88,39.1,4.3,41.8,4.2,41.5,6.02,46.9,8.05,45.8,10.87,49.1,12.54,48.7,16.63,52.9,24.53,59.0,31.42,61.6,39.04,64.0,12/21 (57%),11/21 (52%),10/20 (50%),11/19 (58%),10/18 (56%),11/17 (65%),11/17 (65%),10/17 (59%),10/17 (59%),11/17 (65%),9/17 (53%),10/17 (59%),9/17 (53%),10/17 (59%),10/17 (59%),10/17 (59%),10/17 (59%),10/17 (59%),10/17 (59%),9/17 (53%),9/15 (60%),5/12 (42%),4/12 (33%),5/12 (42%)
FIRE,2026-10-07,4.3,43.67801638275792,29.2 - 43.7,4.5,False,هبوط>=15% من القمة + تحت متوسط50,0.61,35.1,0.11,28.7,0.22,33.6,0.49,35.7,0.57,34.3,0.8,34.7,0.81,33.9,1.14,33.8,1.01,30.9,1.17,33.6,1.44,35.7,1.22,35.2,0.83,36.3,1.4,33.2,1.38,37.8,1.95,40.6,3.47,37.9,3.95,36.9,4.94,42.4,5.53,39.5,8.19,42.1,12.95,44.4,24.09,55.0,32.51,53.2,1/3 (33%),1/3 (33%),1/3 (33%),1/3 (33%),1/3 (33%),1/3 (33%),1/3 (33%),1/3 (33%),1/3 (33%),1/3 (33%),1/3 (33%),1/3 (33%),1/3 (33%),1/3 (33%),1/3 (33%),2/3 (67%),2/3 (67%),2/3 (67%),2/3 (67%),2/3 (67%),2/3 (67%),2/3 (67%),2/3 (67%),2/3 (67%)
FNAR,2026-10-07,13.97,49.067473183864266,47.0 - 63.8,14.31,False,زخم سعري,0.01,27.2,0.09,29.5,0.28,33.6,0.45,30.0,0.62,31.7,0.8,30.6,0.95,31.7,1.6,31.5,1.66,32.4,1.74,32.5,2.36,33.5,2.09,33.9,2.89,36.9,3.44,36.3,5.46,35.9,5.58,38.8,5.52,38.8,6.41,37.9,6.85,41.8,10.34,44.6,12.63,42.3,15.39,47.6,24.39,50.9,33.82,52.9,6/8 (75%),6/8 (75%),4/7 (57%),5/6 (83%),5/6 (83%),5/6 (83%),5/6 (83%),5/6 (83%),5/6 (83%),5/6 (83%),5/6 (83%),5/6 (83%),5/6 (83%),6/6 (100%),6/6 (100%),6/6 (100%),6/6 (100%),6/6 (100%),6/6 (100%),6/6 (100%),6/6 (100%),6/6 (100%),6/6 (100%),3/3 (100%)
FTNS,2026-10-07,1.19,42.22730809500568,25.8 - 42.2,1.22,False,هبوط>=15% من القمة + تحت متوسط50,0.13,29.5,0.1,28.6,0.34,31.3,0.44,31.5,0.73,33.3,0.81,35.5,1.26,36.6,1.45,36.5,1.68,38.3,1.82,35.5,1.61,36.3,2.29,38.0,2.34,36.2,3.27,38.2,3.39,41.8,3.89,40.7,4.89,42.9,6.19,47.5,9.99,50.6,11.42,49.1,13.37,50.6,19.09,55.1,29.8,62.6,33.44,68.3,1/3 (33%),1/3 (33%),0/2 (0%),0/1 (0%),لا سوابق,لا سوابق,لا سوابق,لا سوابق,لا سوابق,لا سوابق,لا سوابق,لا سوابق,لا سوابق,لا سوابق,لا سوابق,لا سوابق,لا سوابق,لا سوابق,لا سوابق,لا سوابق,لا سوابق,لا سوابق,لا سوابق,لا سوابق
FWRY,2026-10-07,19.06,54.15610634505145,30.0 - 55.6,18.82,False,هبوط>=10% من القمة + سيولة عالية,0.42,24.3,0.22,21.6,0.33,22.6,0.55,24.6,0.65,25.8,0.81,26.3,1.27,29.6,1.4,28.2,1.65,31.9,1.89,32.6,2.21,33.5,2.65,39.2,3.71,44.2,4.78,44.6,5.34,45.1,5.88,45.0,7.32,49.7,8.24,48.7,10.24,48.3,13.08,51.6,15.57,56.3,22.29,60.9,31.43,67.4,33.01,70.6,27/55 (49%),26/55 (47%),22/55 (40%),24/54 (44%),24/53 (45%),29/53 (55%),23/53 (43%),27/53 (51%),24/53 (45%),26/53 (49%),27/53 (51%),25/53 (47%),23/53 (43%),23/53 (43%),23/53 (43%),26/53 (49%),22/51 (43%),24/51 (47%),23/51 (45%),15/49 (31%),17/47 (36%),25/42 (60%),22/42 (52%),22/40 (55%)
GBCO,2026-10-07,31.01,52.45757365195919,43.6 - 63.7,30.67,False,زخم سعري,0.37,34.0,0.27,31.1,0.47,32.3,0.77,31.4,1.04,33.2,1.3,34.1,2.12,36.2,2.39,38.1,2.75,38.6,3.06,39.9,3.78,39.0,5.04,41.6,5.55,41.1,6.46,43.1,7.14,44.0,7.28,45.4,8.96,47.8,11.15,50.4,12.98,49.7,14.57,52.6,17.72,54.0,22.98,57.5,29.06,62.6,33.59,65.2,44/100 (44%),50/100 (50%),48/100 (48%),51/100 (51%),54/100 (54%),53/99 (54%),55/99 (56%),53/99 (54%),56/99 (57%),55/99 (56%),54/99 (55%),55/97 (57%),57/96 (59%),60/94 (64%),59/93 (63%),52/91 (57%),52/88 (59%),53/88 (60%),59/87 (68%),60/85 (71%),59/84 (70%),73/84 (87%),73/84 (87%),78/84 (93%)
GDWA,2026-10-07,0.67,30.681746078344236,16.5 - 41.4,0.72,False,هبوط>=15% من القمة + تحت متوسط50,0.61,34.2,-0.03,28.8,0.21,30.9,0.58,35.4,0.76,37.6,0.65,36.7,0.94,38.0,1.04,42.5,0.96,44.0,1.5,43.9,1.42,39.2,1.98,40.4,2.09,35.1,1.34,39.6,1.82,43.8,1.57,45.3,5.57,44.6,5.33,48.8,7.34,49.0,7.55,46.8,12.4,42.1,12.9,55.3,17.56,54.5,21.42,63.6,3/9 (33%),3/9 (33%),5/8 (62%),4/7 (57%),5/6 (83%),5/6 (83%),5/6 (83%),5/6 (83%),5/6 (83%),5/6 (83%),5/6 (83%),5/6 (83%),5/6 (83%),5/6 (83%),6/6 (100%),6/6 (100%),6/6 (100%),6/6 (100%),6/6 (100%),6/6 (100%),6/6 (100%),6/6 (100%),6/6 (100%),1/4 (25%)
GGCC,2026-10-07,0.72,37.74456731164594,24.7 - 45.2,0.78,False,هبوط>=15% من القمة + تحت متوسط50,0.75,31.9,0.11,28.5,0.03,33.2,0.38,35.7,0.46,36.0,0.71,33.2,0.06,33.5,0.72,34.3,1.44,34.9,1.0,35.6,0.78,37.2,1.3,37.9,1.59,38.4,0.88,35.2,0.3,31.3,-1.43,28.9,0.59,30.3,4.94,36.8,11.86,47.2,16.37,56.0,22.88,59.8,35.56,63.9,63.04,59.8,39.81,64.3,4/8 (50%),4/8 (50%),4/7 (57%),4/6 (67%),4/6 (67%),4/6 (67%),3/6 (50%),4/6 (67%),5/6 (83%),3/6 (50%),3/6 (50%),2/6 (33%),1/6 (17%),2/6 (33%),4/6 (67%),6/6 (100%),6/6 (100%),6/6 (100%),6/6 (100%),6/6 (100%),6/6 (100%),6/6 (100%),4/6 (67%),6/6 (100%)
GGRN,2026-10-07,1.29,38.609695845552814,25.2 - 44.4,1.36,False,هبوط>=15% من القمة + تحت متوسط50,0.19,31.3,0.04,31.2,0.18,34.2,0.1,31.9,0.25,32.9,0.51,31.2,0.58,31.9,0.01,34.8,0.35,35.1,0.48,38.2,0.76,39.4,1.12,38.3,1.7,41.3,1.78,40.6,1.32,39.1,1.42,37.9,1.7,44.4,2.81,44.1,4.73,39.0,6.25,42.0,9.02,39.1,11.72,47.9,17.53,64.3,24.16,61.2,2/6 (33%),2/6 (33%),2/5 (40%),2/4 (50%),2/3 (67%),2/3 (67%),1/3 (33%),2/3 (67%),2/3 (67%),3/3 (100%),2/3 (67%),1/3 (33%),3/3 (100%),2/3 (67%),2/3 (67%),2/3 (67%),2/3 (67%),2/3 (67%),1/2 (50%),0/2 (0%),0/2 (0%),لا سوابق,لا سوابق,لا سوابق
GIHD,2026-10-07,62.34,38.45176397582215,37.0 - 64.5,70.2,False,هبوط>=15% من القمة + تحت متوسط50,-0.12,25.6,0.15,30.4,0.15,33.5,0.32,33.2,0.49,34.0,0.69,35.8,0.46,35.6,0.81,33.1,0.9,32.7,1.25,30.3,1.83,32.0,2.09,33.5,2.92,34.4,3.41,32.9,2.65,33.7,3.86,34.3,4.64,40.3,4.78,36.4,7.62,42.5,9.4,37.0,11.52,42.7,16.01,46.9,21.49,47.7,28.37,52.2,10/31 (32%),13/31 (42%),15/31 (48%),16/30 (53%),16/30 (53%),19/30 (63%),19/30 (63%),20/30 (67%),22/30 (73%),23/30 (77%),20/30 (67%),20/30 (67%),19/30 (63%),17/30 (57%),15/30 (50%),16/30 (53%),17/30 (57%),17/30 (57%),16/30 (53%),19/30 (63%),22/30 (73%),22/30 (73%),26/30 (87%),30/30 (100%)
GMCI,2026-10-07,1.64,40.9547067728482,19.3 - 47.1,1.7,False,هبوط>=15% من القمة + تحت متوسط50,0.36,34.8,0.18,32.0,0.43,37.5,0.64,37.5,0.74,36.5,0.89,35.7,1.23,37.0,1.35,37.8,1.65,38.6,1.84,37.0,1.48,38.6,2.19,40.1,2.31,40.3,2.62,40.8,2.23,41.8,3.13,42.5,4.19,43.3,6.02,45.2,8.16,49.8,9.92,47.8,12.55,51.3,20.06,53.2,25.82,55.5,29.56,59.0,3/10 (30%),4/10 (40%),5/10 (50%),5/10 (50%),4/9 (44%),3/9 (33%),4/9 (44%),3/9 (33%),3/9 (33%),4/9 (44%),4/9 (44%),4/9 (44%),3/9 (33%),4/9 (44%),4/9 (44%),4/9 (44%),5/9 (56%),8/9 (89%),8/9 (89%),9/9 (100%),8/9 (89%),8/9 (89%),8/8 (100%),8/8 (100%)
GPIM,2026-10-07,1.88,70.17410931596083,53.2 - 79.4,1.68,False,زخم سعري,0.3,31.5,0.4,32.3,0.91,34.6,1.26,37.5,1.46,33.1,1.79,35.1,1.74,34.7,2.49,35.9,2.91,37.0,2.89,31.9,3.04,32.1,3.13,32.9,3.53,36.0,3.86,36.6,5.31,35.3,6.19,37.4,6.33,38.3,9.58,42.4,11.82,49.7,13.68,49.6,20.13,52.1,20.01,52.3,21.28,51.4,23.74,51.0,11/19 (58%),11/19 (58%),6/19 (32%),5/19 (26%),8/19 (42%),9/19 (47%),8/19 (42%),7/19 (37%),8/19 (42%),8/19 (42%),8/19 (42%),8/19 (42%),8/19 (42%),6/18 (33%),7/18 (39%),6/17 (35%),7/17 (41%),9/17 (53%),9/17 (53%),9/17 (53%),9/17 (53%),8/16 (50%),8/16 (50%),8/16 (50%)
GPPL,2026-09-08,1.33,59.87192246520731,59.9 - 64.5,1.34,False,هبوط>=10% من القمة,-2.84,7.0,0.09,16.3,0.3,15.8,0.45,19.7,0.57,15.5,1.02,21.5,0.25,18.1,0.1,23.8,0.83,25.8,1.31,20.4,1.7,27.5,3.68,26.1,0.9,30.4,3.06,28.6,2.4,31.3,5.88,38.3,6.03,27.5,11.98,28.0,14.24,37.4,18.7,40.2,16.23,52.4,20.32,39.5,22.67,48.3,19.15,43.2,0/6 (0%),2/6 (33%),2/5 (40%),1/4 (25%),2/3 (67%),1/2 (50%),0/1 (0%),لا سوابق,لا سوابق,لا سوابق,لا سوابق,لا سوابق,لا سوابق,لا سوابق,لا سوابق,لا سوابق,لا سوابق,لا سوابق,لا سوابق,لا سوابق,لا سوابق,لا سوابق,لا سوابق,لا سوابق
GRCA,2026-10-07,37.7,39.77143682169712,29.8 - 40.5,39.93,True,ممتد - خطر مطاردة + هبوط>=15% من القمة + تحت متوسط50,-0.42,30.3,-0.48,25.3,-0.48,29.3,-0.62,31.7,-0.4,29.2,0.31,29.1,-0.4,30.5,0.75,29.2,1.13,27.5,1.71,32.8,1.39,34.0,1.61,34.1,1.9,32.9,1.01,28.8,0.81,30.5,1.73,25.9,1.46,34.2,3.44,32.8,4.39,35.4,8.34,33.1,9.83,43.7,9.33,41.8,11.22,40.9,16.49,55.1,1/2 (50%),1/2 (50%),0/1 (0%),لا سوابق,لا سوابق,لا سوابق,لا سوابق,لا سوابق,لا سوابق,لا سوابق,لا سوابق,لا سوابق,لا سوابق,لا سوابق,لا سوابق,لا سوابق,لا سوابق,لا سوابق,لا سوابق,لا سوابق,لا سوابق,لا سوابق,لا سوابق,لا سوابق
GSSC,2026-10-07,284.89,49.45854364486309,34.5 - 60.8,288.89,False,هبوط>=10% من القمة + تحت متوسط50,0.04,29.3,0.14,27.9,0.41,29.0,0.64,31.0,0.86,31.2,0.95,32.4,1.51,32.2,1.72,33.1,1.93,33.9,2.24,35.3,2.39,36.3,2.72,36.9,3.26,37.1,4.0,36.6,4.78,38.7,4.83,39.5,7.07,40.7,8.13,41.8,10.59,47.2,14.0,47.9,15.74,47.9,23.28,54.3,29.52,56.6,34.44,59.3,2/4 (50%),2/4 (50%),4/4 (100%),2/3 (67%),3/3 (100%),2/3 (67%),2/3 (67%),2/3 (67%),2/3 (67%),2/3 (67%),2/3 (67%),2/3 (67%),2/3 (67%),1/3 (33%),1/3 (33%),1/3 (33%),1/3 (33%),1/3 (33%),1/3 (33%),1/3 (33%),1/3 (33%),1/3 (33%),2/3 (67%),2/3 (67%)
GTEX,2026-10-06,0.04,46.82623818491778,41.3 - 59.7,0.04,False,هبوط>=10% من القمة + تحت متوسط50,-0.09,20.8,0.13,19.5,0.21,22.3,0.31,20.8,0.62,23.4,0.71,24.4,1.11,26.5,1.19,25.6,1.35,25.6,1.5,25.3,1.5,25.5,1.93,29.7,2.29,30.4,2.92,32.8,2.55,32.5,3.23,33.3,4.75,35.6,6.54,36.6,10.56,41.4,11.38,41.1,13.36,45.1,20.77,47.9,26.81,52.8,33.22,57.1,5/32 (16%),4/32 (12%),7/32 (22%),9/32 (28%),6/32 (19%),8/32 (25%),8/32 (25%),10/32 (31%),6/32 (19%),7/32 (22%),6/31 (19%),8/29 (28%),7/29 (24%),6/29 (21%),7/29 (24%),8/29 (28%),7/29 (24%),9/29 (31%),8/29 (28%),7/29 (24%),11/29 (38%),10/23 (43%),20/22 (91%),21/21 (100%)
GTHE,2026-10-05,4.41,52.17671093878327,49.4 - 76.5,4.52,False,هبوط>=15% من القمة,-1.39,23.4,0.66,36.7,1.34,36.9,0.25,32.1,0.19,35.8,-0.08,42.3,0.35,39.0,1.46,34.6,-0.48,40.1,0.53,31.4,-1.23,31.9,1.7,31.9,5.77,39.1,1.01,34.8,8.44,36.5,7.95,34.2,1.63,32.2,2.93,30.2,-0.9,31.6,-0.28,31.1,3.35,34.7,7.27,33.6,4.88,36.3,8.78,50.2,4/6 (67%),4/6 (67%),4/5 (80%),4/5 (80%),3/5 (60%),3/5 (60%),4/5 (80%),5/5 (100%),4/5 (80%),3/5 (60%),2/5 (40%),2/5 (40%),2/5 (40%),3/5 (60%),3/5 (60%),2/5 (40%),2/5 (40%),1/5 (20%),0/5 (0%),4/5 (80%),5/5 (100%),5/5 (100%),3/3 (100%),لا سوابق
GTWL,2026-10-07,160.0,36.19249227257642,26.4 - 66.3,206.18,False,هبوط>=15% من القمة + تحت متوسط50,-0.82,28.5,-0.04,24.0,-0.11,33.3,-0.08,27.7,-0.71,32.6,-0.49,25.9,-2.77,25.0,0.69,25.0,-3.49,22.3,-1.34,32.3,-4.76,32.1,-6.23,28.4,-11.87,26.7,-7.75,19.6,-13.59,13.7,-17.47,13.2,-17.46,14.9,-16.36,16.1,-24.06,17.0,-11.79,19.1,-16.95,18.0,-15.99,24.9,-10.88,39.4,-12.36,33.6,0/1 (0%),0/1 (0%),لا سوابق,لا سوابق,لا سوابق,لا سوابق,لا سوابق,لا سوابق,لا سوابق,لا سوابق,لا سوابق,لا سوابق,لا سوابق,لا سوابق,لا سوابق,لا سوابق,لا سوابق,لا سوابق,لا سوابق,لا سوابق,لا سوابق,لا سوابق,لا سوابق,لا سوابق
HBCO,2026-10-07,8.8,49.21976628182743,29.2 - 60.9,9.12,False,هبوط>=15% من القمة + تحت متوسط50 + سيولة عالية,-1.48,27.5,-1.28,30.8,-0.19,25.8,-0.51,29.9,-1.85,28.9,-1.88,28.7,-3.25,28.6,-1.25,30.9,-4.11,26.4,-2.87,31.0,-1.84,30.4,-5.25,25.9,-4.59,32.1,-6.44,28.6,-6.62,20.2,-13.43,16.1,-11.27,26.7,-5.95,22.8,-8.3,18.7,-14.66,18.4,-13.87,28.9,-9.44,33.7,5.23,38.9,27.91,36.6,1/2 (50%),1/2 (50%),0/1 (0%),لا سوابق,لا سوابق,لا سوابق,لا سوابق,لا سوابق,لا سوابق,لا سوابق,لا سوابق,لا سوابق,لا سوابق,لا سوابق,لا سوابق,لا سوابق,لا سوابق,لا سوابق,لا سوابق,لا سوابق,لا سوابق,لا سوابق,لا سوابق,لا سوابق
HDBK,2026-10-07,107.79,49.643030318279486,45.6 - 68.4,111.25,False,هبوط>=10% من القمة,0.22,29.2,0.14,26.9,0.32,29.9,0.46,31.7,0.78,33.4,0.96,33.7,1.2,34.1,1.62,34.9,1.96,33.9,2.26,35.2,2.63,35.8,3.06,36.8,3.79,37.2,3.94,38.6,4.89,40.3,5.14,41.2,5.87,42.9,7.93,43.4,10.01,45.5,12.03,48.1,13.88,47.5,15.97,48.0,20.26,50.3,27.96,56.3,29/60 (48%),22/60 (37%),27/59 (46%),27/58 (47%),25/58 (43%),30/57 (53%),31/57 (54%),32/57 (56%),34/57 (60%),37/57 (65%),38/57 (67%),43/57 (75%),47/57 (82%),48/57 (84%),49/57 (86%),49/57 (86%),51/57 (89%),50/57 (88%),49/57 (86%),51/57 (89%),50/57 (88%),49/55 (89%),43/49 (88%),42/49 (86%)
HELI,2026-10-07,7.49,43.6252879157798,35.0 - 58.8,7.78,False,هبوط>=10% من القمة + تحت متوسط50,0.16,27.4,0.11,25.3,0.34,28.8,0.43,29.2,0.76,32.8,0.89,30.3,1.03,30.3,1.18,31.2,1.39,33.6,1.85,32.2,1.79,33.3,2.22,34.3,1.91,34.0,2.83,35.8,2.66,36.4,2.63,37.5,5.75,39.3,7.3,39.1,9.26,43.7,10.08,43.7,12.15,42.6,17.9,50.6,27.84,59.1,37.0,63.7,14/23 (61%),14/23 (61%),12/22 (55%),15/21 (71%),17/21 (81%),16/21 (76%),18/21 (86%),16/21 (76%),14/21 (67%),15/21 (71%),16/21 (76%),16/21 (76%),16/21 (76%),15/21 (71%),16/21 (76%),17/21 (81%),13/21 (62%),15/20 (75%),17/19 (89%),13/19 (68%),16/19 (84%),11/17 (65%),12/17 (71%),12/17 (71%)
HRHO,2026-10-07,26.57,63.42898355510011,20.8 - 66.5,25.03,True,ممتد - خطر مطاردة + هبوط>=10% من القمة,0.4,26.1,0.26,25.2,0.46,27.5,0.71,31.7,1.03,29.8,1.26,32.3,1.66,35.1,1.97,37.9,2.15,37.8,2.4,37.1,2.4,39.6,2.93,41.6,4.13,39.3,4.48,41.4,5.08,44.3,6.49,43.1,7.44,44.3,7.45,46.4,10.03,46.4,12.66,41.0,15.53,46.6,23.5,52.9,21.49,59.5,27.22,58.7,6/11 (55%),6/11 (55%),7/10 (70%),8/9 (89%),7/8 (88%),7/8 (88%),8/8 (100%),8/8 (100%),8/8 (100%),8/8 (100%),7/8 (88%),8/8 (100%),8/8 (100%),7/8 (88%),7/8 (88%),7/8 (88%),3/8 (38%),4/8 (50%),3/8 (38%),4/8 (50%),7/8 (88%),4/8 (50%),3/8 (38%),4/8 (50%)
IBCT,2026-10-07,11.36,37.60475912709304,22.9 - 54.8,12.18,False,هبوط>=15% من القمة + تحت متوسط50,0.18,31.3,0.16,31.2,0.34,34.6,0.47,35.1,0.6,35.3,0.78,32.4,0.97,35.6,1.19,37.2,1.43,36.8,1.6,39.1,1.34,37.9,1.69,41.0,1.74,39.6,1.79,38.2,1.54,38.0,1.94,38.6,3.26,40.9,5.22,41.8,8.09,45.5,10.12,49.2,11.8,47.5,18.07,53.4,26.2,57.3,30.57,58.9,2/4 (50%),2/4 (50%),1/3 (33%),1/2 (50%),1/1 (100%),1/1 (100%),1/1 (100%),1/1 (100%),0/1 (0%),0/1 (0%),0/1 (0%),1/1 (100%),0/1 (0%),0/1 (0%),0/1 (0%),0/1 (0%),0/1 (0%),0/1 (0%),0/1 (0%),0/1 (0%),0/1 (0%),0/1 (0%),0/1 (0%),0/1 (0%)
ICFC,2026-10-07,23.2,57.07395298886084,42.9 - 62.8,22.7,True,ممتد - خطر مطاردة,0.45,35.5,0.18,31.9,0.47,35.6,0.75,34.1,1.06,34.2,1.33,36.1,1.82,36.5,1.84,37.4,2.22,38.9,2.59,41.0,3.12,39.3,3.78,39.6,4.86,40.1,5.93,40.2,5.06,41.7,5.87,42.4,6.32,41.0,7.83,43.2,9.69,45.5,10.63,46.6,11.7,47.5,15.75,48.5,21.98,51.5,27.13,53.9,4/4 (100%),4/4 (100%),2/4 (50%),2/4 (50%),2/4 (50%),2/4 (50%),2/4 (50%),1/4 (25%),1/4 (25%),1/4 (25%),2/4 (50%),2/4 (50%),2/4 (50%),2/4 (50%),2/4 (50%),2/4 (50%),2/4 (50%),2/4 (50%),2/4 (50%),2/4 (50%),2/4 (50%),2/4 (50%),3/4 (75%),3/4 (75%)
ICID,2026-10-07,18.17,57.58818663689178,53.4 - 63.9,18.04,False,زخم سعري,-0.01,24.7,0.11,26.1,0.02,27.0,0.15,28.4,0.05,30.8,0.03,29.1,0.36,32.3,1.22,28.7,0.69,34.3,1.02,36.6,-0.2,36.1,3.05,34.8,3.96,38.8,3.83,37.0,4.67,31.7,4.39,36.4,5.56,31.4,3.71,30.2,6.78,33.8,6.68,31.9,10.15,34.7,8.98,42.3,6.04,32.0,18.08,44.5,20/50 (40%),20/50 (40%),29/50 (58%),30/50 (60%),27/50 (54%),28/50 (56%),29/50 (58%),32/50 (64%),34/50 (68%),34/49 (69%),34/48 (71%),31/47 (66%),27/45 (60%),28/45 (62%),26/45 (58%),26/45 (58%),28/45 (62%),27/45 (60%),29/45 (64%),23/40 (57%),13/37 (35%),22/37 (59%),17/33 (52%),16/26 (62%)
ICLE,2026-09-08,18.91,56.08845631636112,33.5 - 57.4,18.4,True,ممتد - خطر مطاردة,17.54,89.5,-1.22,1.8,0.23,4.4,-1.0,6.8,-0.94,10.3,4.94,14.2,-0.09,16.5,-0.42,18.5,1.18,24.1,0.36,16.6,1.2,16.3,0.79,23.9,0.91,29.5,2.04,33.2,4.4,29.4,4.95,33.5,-0.01,48.8,2.23,58.3,-3.02,57.0,10.24,55.3,16.15,53.1,12.48,54.8,42.14,59.1,96.85,76.0,20/22 (91%),0/22 (0%),0/21 (0%),0/20 (0%),0/19 (0%),0/18 (0%),1/18 (6%),2/18 (11%),1/18 (6%),1/17 (6%),1/16 (6%),0/16 (0%),0/15 (0%),0/13 (0%),0/11 (0%),0/9 (0%),0/7 (0%),2/7 (29%),0/3 (0%),2/2 (100%),0/2 (0%),لا سوابق,لا سوابق,لا سوابق
IDRE,2026-10-07,50.1,46.6675484054173,35.1 - 60.5,51.87,False,هبوط>=10% من القمة + تحت متوسط50,-0.17,29.3,0.1,28.7,0.28,30.8,0.49,29.6,0.69,31.5,0.74,31.0,0.95,31.9,1.01,31.6,1.34,33.4,1.08,33.9,1.45,33.4,1.96,34.4,2.01,36.0,2.53,35.2,2.97,37.3,3.4,36.8,6.02,36.4,6.66,38.8,9.89,45.2,11.58,43.7,11.83,44.1,20.1,50.7,25.52,54.5,30.61,54.4,6/17 (35%),7/17 (41%),7/17 (41%),6/16 (38%),8/16 (50%),8/16 (50%),10/16 (62%),13/16 (81%),12/16 (75%),12/16 (75%),12/16 (75%),13/16 (81%),13/16 (81%),12/16 (75%),11/16 (69%),10/16 (62%),8/16 (50%),8/16 (50%),8/16 (50%),6/16 (38%),10/16 (62%),10/15 (67%),12/15 (80%),13/15 (87%)
IEEC,2026-10-07,0.77,40.22636918418476,37.5 - 50.9,0.83,False,هبوط>=15% من القمة + تحت متوسط50,-0.58,25.7,0.22,30.8,0.05,33.3,0.05,33.5,0.19,34.5,0.33,33.4,0.27,33.1,0.63,32.8,0.47,34.0,0.83,33.6,0.79,34.7,1.4,36.6,0.41,36.1,-0.17,31.5,-0.17,33.1,-0.19,30.9,1.29,29.0,1.29,35.7,3.72,43.3,8.07,44.7,12.0,49.7,20.04,51.6,33.75,54.7,37.93,59.4,13/31 (42%),13/31 (42%),15/30 (50%),17/30 (57%),21/30 (70%),21/30 (70%),21/30 (70%),20/30 (67%),18/30 (60%),17/29 (59%),18/29 (62%),15/29 (52%),15/27 (56%),16/26 (62%),16/26 (62%),13/26 (50%),12/26 (46%),15/26 (58%),22/26 (85%),22/26 (85%),18/26 (69%),18/26 (69%),26/26 (100%),22/26 (85%)
IFAP,2026-10-07,19.4,40.44905812869644,33.3 - 48.6,20.01,False,هبوط>=10% من القمة + تحت متوسط50,0.07,26.9,0.13,27.6,0.4,30.5,0.6,30.8,0.84,32.0,0.9,33.7,1.46,36.3,1.57,35.7,1.86,35.8,2.0,36.9,2.69,38.3,2.52,41.5,3.42,40.9,4.0,44.3,5.37,43.1,5.44,44.0,7.12,46.8,8.52,48.7,11.29,48.0,12.2,50.1,14.55,50.9,21.95,62.4,29.81,69.4,37.36,72.4,2/6 (33%),2/6 (33%),4/5 (80%),4/4 (100%),4/4 (100%),2/3 (67%),1/2 (50%),2/2 (100%),2/2 (100%),2/2 (100%),2/2 (100%),2/2 (100%),2/2 (100%),2/2 (100%),2/2 (100%),2/2 (100%),2/2 (100%),2/2 (100%),2/2 (100%),2/2 (100%),2/2 (100%),2/2 (100%),2/2 (100%),2/2 (100%)
INEG,2026-10-07,0.73,58.2474752563975,57.0 - 75.8,0.71,False,هبوط>=10% من القمة,0.3,34.4,0.21,34.0,0.26,33.9,0.48,33.9,0.67,33.3,0.8,34.6,0.86,34.8,1.02,34.0,1.5,34.6,1.32,36.3,1.63,32.1,1.6,32.0,1.59,33.8,1.79,33.8,2.78,34.7,3.25,35.7,3.83,36.2,4.15,40.0,6.77,40.0,9.29,41.9,11.69,43.4,14.45,47.5,19.25,47.4,25.69,49.8,13/30 (43%),12/30 (40%),13/29 (45%),11/29 (38%),9/29 (31%),10/29 (34%),11/29 (38%),11/29 (38%),14/29 (48%),16/29 (55%),16/29 (55%),17/29 (59%),16/29 (55%),16/29 (55%),17/29 (59%),17/29 (59%),16/27 (59%),15/25 (60%),13/23 (57%),15/22 (68%),17/22 (77%),17/22 (77%),15/22 (68%),16/22 (73%)
INFI,2026-10-07,129.14,48.027968509095615,30.8 - 52.9,128.94,False,هبوط>=15% من القمة + تحت متوسط50,0.26,32.8,0.19,31.9,0.23,32.8,0.41,31.9,0.48,35.2,0.73,34.1,0.47,34.0,0.44,32.8,0.93,32.5,0.89,32.0,0.41,32.0,0.39,32.7,-0.56,32.6,0.95,33.0,1.01,34.6,1.75,36.3,3.49,36.7,4.21,36.3,7.75,42.3,9.93,42.7,11.23,47.7,16.75,52.7,25.98,56.8,37.28,59.7,4/9 (44%),4/9 (44%),3/9 (33%),2/8 (25%),2/8 (25%),2/8 (25%),3/8 (38%),2/8 (25%),2/8 (25%),1/8 (12%),1/8 (12%),2/8 (25%),2/8 (25%),2/8 (25%),2/8 (25%),1/8 (12%),1/8 (12%),2/8 (25%),1/8 (12%),3/8 (38%),2/8 (25%),4/8 (50%),4/8 (50%),8/8 (100%)
IRAX,2026-10-05,1250.0,53.03332006959342,53.0 - 53.0,1237.25,True,ممتد - خطر مطاردة + هبوط>=15% من القمة,0.46,12.9,-1.29,4.5,-0.66,5.3,-0.62,5.1,-0.78,5.3,-0.68,6.8,-2.16,8.9,-2.27,7.5,-0.82,9.1,-2.76,8.0,-5.36,8.1,-3.46,13.5,-8.32,11.9,-4.93,12.4,-1.02,13.0,1.84,16.6,-1.12,15.1,-2.36,20.7,-9.16,7.7,-11.09,17.5,-7.81,12.9,-14.81,14.3,-19.32,14.7,-2.85,10.8,15/57 (26%),9/57 (16%),9/56 (16%),7/55 (13%),9/54 (17%),11/53 (21%),10/52 (19%),9/51 (18%),9/50 (18%),12/49 (24%),13/49 (27%),11/47 (23%),13/45 (29%),12/45 (27%),13/43 (30%),13/41 (32%),13/36 (36%),13/31 (42%),13/30 (43%),14/30 (47%),13/30 (43%),13/30 (43%),13/30 (43%),13/13 (100%)
IRON,2026-10-07,29.79,56.45691470416795,27.7 - 61.9,27.78,True,ممتد - خطر مطاردة + هبوط>=15% من القمة + سيولة عالية,0.24,30.1,0.17,31.4,0.29,31.6,0.57,32.0,0.52,31.0,1.0,31.1,0.98,34.0,0.98,33.1,1.4,35.7,1.69,35.5,2.43,35.2,2.06,38.3,1.63,37.6,2.65,39.6,4.24,39.8,4.99,40.0,5.87,39.8,7.42,46.8,9.36,46.4,11.38,46.9,16.79,50.9,21.92,53.0,25.38,55.0,31.51,56.8,لا سوابق,لا سوابق,لا سوابق,لا سوابق,لا سوابق,لا سوابق,لا سوابق,لا سوابق,لا سوابق,لا سوابق,لا سوابق,لا سوابق,لا سوابق,لا سوابق,لا سوابق,لا سوابق,لا سوابق,لا سوابق,لا سوابق,لا سوابق,لا سوابق,لا سوابق,لا سوابق,لا سوابق
ISMA,2026-10-07,25.6,38.785685865205,25.1 - 43.7,28.02,True,ممتد - خطر مطاردة + هبوط>=15% من القمة + تحت متوسط50,0.17,29.4,-0.06,28.6,-0.28,29.7,-0.11,33.4,0.24,32.8,0.44,30.8,0.53,30.6,0.68,32.8,0.2,29.9,0.67,34.3,1.04,40.0,-0.26,34.6,0.54,34.2,-0.42,29.1,-0.36,25.2,-0.66,25.6,1.41,33.9,1.06,35.6,5.73,44.8,9.09,43.6,10.82,45.4,17.57,47.7,25.15,57.2,30.78,59.1,0/1 (0%),0/1 (0%),لا سوابق,لا سوابق,لا سوابق,لا سوابق,لا سوابق,لا سوابق,لا سوابق,لا سوابق,لا سوابق,لا سوابق,لا سوابق,لا سوابق,لا سوابق,لا سوابق,لا سوابق,لا سوابق,لا سوابق,لا سوابق,لا سوابق,لا سوابق,لا سوابق,لا سوابق
ISMQ,2026-10-07,8.25,41.58828734797206,22.6 - 47.9,8.52,False,هبوط>=15% من القمة + تحت متوسط50,0.31,30.6,0.16,30.4,0.39,34.6,0.61,33.7,0.76,33.2,0.89,33.2,1.37,36.3,1.69,35.8,1.79,34.6,2.05,38.1,2.37,38.3,2.75,38.5,2.99,40.6,3.54,40.6,4.0,42.5,4.61,42.4,6.39,43.5,6.93,46.5,9.71,48.1,9.4,47.7,12.08,49.9,18.77,55.2,27.12,60.4,32.72,63.0,10/23 (43%),11/23 (48%),12/22 (55%),11/21 (52%),13/20 (65%),14/20 (70%),15/20 (75%),14/20 (70%),14/20 (70%),14/20 (70%),16/20 (80%),17/20 (85%),17/20 (85%),18/20 (90%),18/20 (90%),19/20 (95%),19/20 (95%),18/20 (90%),18/20 (90%),18/20 (90%),17/20 (85%),18/20 (90%),20/20 (100%),20/20 (100%)
ISPH,2026-10-07,11.7,39.78703274203067,31.4 - 46.3,12.04,False,هبوط>=15% من القمة + تحت متوسط50,0.2,27.4,0.12,25.9,0.35,29.9,0.56,31.4,0.64,31.9,0.84,33.3,1.3,35.1,1.61,33.9,1.65,35.6,1.92,35.2,2.28,37.8,2.84,37.8,3.42,38.7,3.71,38.3,4.05,39.5,4.53,40.4,6.97,43.0,8.36,45.1,11.58,47.6,12.47,52.5,15.52,53.9,22.61,59.3,35.12,66.4,40.96,68.2,8/21 (38%),8/21 (38%),8/20 (40%),7/19 (37%),8/19 (42%),9/18 (50%),8/18 (44%),9/18 (50%),8/18 (44%),8/18 (44%),7/18 (39%),10/17 (59%),7/16 (44%),7/16 (44%),7/16 (44%),8/16 (50%),8/16 (50%),9/16 (56%),13/16 (81%),15/16 (94%),16/16 (100%),16/16 (100%),16/16 (100%),16/16 (100%)
JUFO,2026-10-07,25.0,38.473631250837975,28.2 - 56.3,26.17,False,تحت متوسط50,0.22,26.1,0.23,27.5,0.3,25.7,0.43,28.3,0.48,28.6,0.8,27.4,0.79,28.3,0.87,28.4,1.17,34.8,1.56,30.3,1.4,34.9,2.26,35.5,2.42,36.5,2.88,39.6,3.68,35.8,4.32,40.5,6.69,43.6,7.14,45.0,11.1,47.3,13.6,53.4,15.15,57.7,21.74,56.2,28.09,61.2,35.23,65.5,4/11 (36%),5/11 (45%),6/10 (60%),6/10 (60%),7/10 (70%),8/10 (80%),6/10 (60%),6/10 (60%),5/10 (50%),4/10 (40%),5/10 (50%),4/10 (40%),4/10 (40%),4/10 (40%),5/10 (50%),7/10 (70%),9/10 (90%),9/10 (90%),10/10 (100%),8/8 (100%),7/7 (100%),7/7 (100%),7/7 (100%),7/7 (100%)
KABO,2026-10-07,9.05,50.59395889548921,34.9 - 57.2,9.14,False,زخم سعري,-0.18,26.1,0.13,29.4,0.3,29.2,0.46,30.3,0.72,31.9,0.88,32.9,1.08,32.1,1.15,32.6,1.46,32.7,1.87,34.0,1.42,33.6,1.86,32.7,1.65,35.0,2.41,35.3,2.68,35.5,3.79,37.2,4.79,36.9,6.18,39.4,8.88,44.0,10.2,42.4,12.65,44.2,18.56,48.7,21.94,53.3,29.42,55.6,34/75 (45%),35/75 (47%),38/75 (51%),43/75 (57%),39/75 (52%),42/75 (56%),47/75 (63%),44/75 (59%),45/75 (60%),43/75 (57%),45/75 (60%),45/74 (61%),45/73 (62%),45/72 (62%),47/72 (65%),43/72 (60%),38/72 (53%),41/72 (57%),41/72 (57%),41/72 (57%),36/72 (50%),36/65 (55%),48/59 (81%),45/58 (78%)
KRDI,2026-10-07,0.43,49.0023462313732,32.9 - 56.8,0.44,False,هبوط>=10% من القمة + تحت متوسط50,0.18,28.7,0.14,27.4,0.4,27.4,0.56,29.8,0.86,30.6,0.93,31.9,1.46,31.9,1.75,32.5,1.92,33.8,2.26,35.2,2.31,34.1,2.67,37.0,3.13,36.6,3.76,36.3,4.57,39.1,4.59,39.7,7.07,41.6,8.09,42.6,10.39,47.5,13.26,47.2,15.59,48.3,23.0,54.7,29.65,58.1,34.19,59.2,12/28 (43%),12/28 (43%),12/27 (44%),11/26 (42%),11/25 (44%),8/24 (33%),9/24 (38%),9/24 (38%),8/24 (33%),7/24 (29%),7/24 (29%),6/24 (25%),5/24 (21%),4/24 (17%),4/24 (17%),6/24 (25%),6/24 (25%),2/24 (8%),1/24 (4%),2/24 (8%),3/24 (12%),10/24 (42%),15/24 (62%),23/24 (96%)
KWIN,2026-10-07,76.75,36.4950044348817,33.7 - 46.5,84.35,False,هبوط>=15% من القمة + تحت متوسط50,-0.19,25.2,0.11,30.2,0.3,32.2,0.4,32.7,0.66,32.3,0.75,31.2,1.0,29.8,1.23,30.5,1.38,33.5,1.79,30.2,1.6,30.9,1.8,30.5,1.77,30.8,1.94,29.3,1.65,30.5,1.53,29.3,2.58,36.7,4.93,36.2,6.31,40.2,10.84,43.1,13.47,39.5,17.58,46.3,24.39,50.3,30.85,56.3,8/35 (23%),10/35 (29%),11/34 (32%),10/33 (30%),10/32 (31%),9/32 (28%),10/32 (31%),12/32 (38%),12/32 (38%),13/32 (41%),13/32 (41%),11/32 (34%),13/32 (41%),13/32 (41%),15/32 (47%),16/32 (50%),17/32 (53%),18/32 (56%),15/32 (47%),13/32 (41%),16/32 (50%),17/32 (53%),26/32 (81%),24/32 (75%)
KZPC,2026-10-07,13.17,50.48781991237966,42.2 - 67.4,13.61,False,هبوط>=10% من القمة,0.24,29.6,0.14,25.5,0.38,29.6,0.58,32.1,0.96,34.0,1.09,34.5,1.41,34.2,1.75,33.9,2.01,33.0,2.45,36.3,2.68,41.9,4.09,37.4,4.27,37.2,5.4,38.6,6.81,44.4,6.16,42.6,7.47,43.9,9.8,44.8,12.57,49.1,13.38,47.7,13.38,47.8,16.97,49.7,25.24,56.1,35.25,61.4,34/71 (48%),33/71 (46%),34/70 (49%),41/70 (59%),36/70 (51%),39/70 (56%),39/70 (56%),38/70 (54%),36/70 (51%),38/70 (54%),42/70 (60%),39/70 (56%),40/70 (57%),40/70 (57%),42/70 (60%),41/70 (59%),34/70 (49%),40/70 (57%),44/70 (63%),44/70 (63%),46/66 (70%),42/63 (67%),39/60 (65%),42/58 (72%)
LCSW,2026-10-07,34.85,58.88073820493272,29.5 - 61.3,33.05,False,زخم سعري,0.59,34.3,0.26,31.2,0.66,33.0,1.04,33.3,1.3,32.9,1.49,35.9,2.04,36.6,2.23,36.6,2.6,38.5,3.01,39.6,3.41,40.6,3.99,41.0,4.63,40.7,5.35,42.4,5.97,43.8,6.23,43.4,7.18,43.4,8.79,45.0,10.75,45.8,11.69,46.0,13.77,47.5,19.19,52.3,24.0,55.1,32.94,59.9,13/27 (48%),13/27 (48%),14/27 (52%),15/27 (56%),16/27 (59%),14/27 (52%),14/27 (52%),14/27 (52%),17/27 (63%),18/27 (67%),18/27 (67%),19/27 (70%),18/27 (67%),20/27 (74%),20/27 (74%),21/27 (78%),19/27 (70%),20/26 (77%),17/26 (65%),19/25 (76%),16/25 (64%),9/23 (39%),16/23 (70%),9/16 (56%)
LKGP,2026-10-07,3.09,40.2716509195344,28.5 - 57.9,3.31,False,هبوط>=15% من القمة + تحت متوسط50,0.06,32.6,0.15,36.1,0.45,37.2,0.62,37.4,0.86,37.8,0.96,36.1,1.27,36.9,1.3,35.9,1.56,35.7,1.87,37.0,1.87,37.9,2.51,38.0,3.07,39.3,3.37,37.9,3.42,37.0,4.14,36.6,4.56,39.8,5.35,42.6,8.01,50.6,11.14,48.3,12.4,51.7,17.19,52.3,21.84,55.5,27.87,56.5,21/49 (43%),21/49 (43%),28/48 (58%),30/48 (62%),26/48 (54%),28/48 (58%),26/48 (54%),27/48 (56%),27/48 (56%),24/48 (50%),24/48 (50%),22/48 (46%),23/46 (50%),26/46 (57%),27/46 (59%),26/46 (57%),29/46 (63%),28/46 (61%),35/46 (76%),38/46 (83%),43/46 (93%),38/45 (84%),31/37 (84%),30/35 (86%)
LUTS,2026-10-07,0.92,53.62140405316149,42.3 - 57.1,0.91,False,هبوط>=15% من القمة,-0.07,29.1,-0.12,26.5,-0.42,25.8,-0.71,26.0,-0.5,27.0,-0.54,28.3,-1.08,25.6,-2.72,21.5,-2.04,20.4,-2.17,17.3,-3.24,18.8,-2.41,23.9,-4.62,20.8,-6.39,15.4,-7.45,19.3,-6.12,16.8,-9.57,17.8,-11.19,18.7,-11.31,20.9,-14.45,20.6,-5.45,23.2,-6.31,23.8,2.93,29.0,12.92,33.4,14/35 (40%),13/35 (37%),14/35 (40%),11/35 (31%),9/35 (26%),8/34 (24%),11/34 (32%),14/34 (41%),13/34 (38%),13/34 (38%),15/34 (44%),13/34 (38%),10/34 (29%),9/34 (26%),12/33 (36%),11/33 (33%),10/33 (30%),19/33 (58%),20/33 (61%),22/33 (67%),24/33 (73%),17/33 (52%),17/33 (52%),17/33 (52%)
MAAL,2026-10-07,10.9,63.3255848689632,44.8 - 75.9,9.86,False,زخم سعري,0.29,31.3,0.11,30.2,0.68,34.8,0.9,34.5,0.71,34.2,1.06,34.0,1.55,34.4,1.98,35.5,1.22,36.5,1.71,32.4,1.09,33.6,1.91,34.9,2.24,36.5,1.13,33.1,1.93,34.1,1.06,36.3,6.18,35.7,5.54,36.8,10.94,46.5,8.78,44.1,10.49,42.0,11.15,35.8,13.58,45.4,20.15,47.0,15/35 (43%),12/35 (34%),12/35 (34%),9/35 (26%),12/35 (34%),14/35 (40%),15/35 (43%),16/35 (46%),15/35 (43%),14/35 (40%),14/35 (40%),13/35 (37%),17/35 (49%),19/35 (54%),19/35 (54%),23/35 (66%),25/33 (76%),25/31 (81%),23/29 (79%),24/28 (86%),25/28 (89%),25/28 (89%),25/27 (93%),24/26 (92%)
MASR,2026-10-07,7.86,53.882020820404094,31.2 - 53.9,7.68,False,هبوط>=10% من القمة,0.25,28.5,0.18,27.3,0.36,28.4,0.61,29.9,0.83,31.2,1.03,31.7,1.44,32.0,1.69,34.1,2.0,33.3,2.33,37.1,2.48,36.2,3.26,38.0,3.62,39.6,4.78,40.1,5.03,39.3,5.95,41.2,8.04,43.3,9.82,45.3,11.11,45.8,12.39,47.0,14.84,48.9,19.6,51.8,25.51,56.2,33.61,62.9,26/52 (50%),26/52 (50%),31/52 (60%),29/52 (56%),31/51 (61%),30/50 (60%),30/50 (60%),30/50 (60%),32/50 (64%),31/50 (62%),33/50 (66%),32/50 (64%),25/50 (50%),24/50 (48%),26/50 (52%),26/49 (53%),30/48 (62%),30/45 (67%),28/45 (62%),21/45 (47%),25/45 (56%),26/44 (59%),30/44 (68%),28/44 (64%)
MBEG,2026-10-07,7.93,67.29513339175973,37.3 - 67.3,7.06,True,ممتد - خطر مطاردة + سيولة عالية,0.86,46.9,0.48,43.5,1.08,43.7,1.69,43.1,2.2,45.2,2.75,43.5,2.85,43.6,2.59,40.7,3.12,42.2,3.93,44.9,3.89,46.4,3.78,41.6,4.78,42.6,7.21,40.4,4.32,41.1,5.73,41.4,4.99,42.8,7.51,42.8,11.54,43.8,6.72,43.8,8.75,45.7,10.94,44.3,11.89,46.2,18.09,49.2,5/8 (62%),4/8 (50%),5/7 (71%),4/7 (57%),6/7 (86%),4/7 (57%),4/7 (57%),4/7 (57%),6/7 (86%),5/7 (71%),5/7 (71%),5/7 (71%),5/7 (71%),5/7 (71%),5/7 (71%),5/7 (71%),4/7 (57%),4/7 (57%),6/7 (86%),6/7 (86%),6/7 (86%),4/7 (57%),3/7 (43%),5/7 (71%)
MBSC,2026-10-07,377.0,55.03725811729942,29.5 - 62.0,355.21,True,ممتد - خطر مطاردة + هبوط>=15% من القمة + سيولة عالية,0.51,33.1,-0.17,32.7,0.26,31.6,0.39,32.8,0.3,33.4,1.45,30.4,1.11,33.4,1.42,30.3,0.21,32.7,2.17,35.2,0.89,34.5,0.51,31.2,-1.27,32.3,0.57,30.2,1.88,27.7,3.03,30.8,3.34,34.2,3.88,32.0,7.34,41.6,10.38,43.2,10.77,41.3,17.14,48.6,20.76,56.7,29.54,51.9,0/1 (0%),0/1 (0%),لا سوابق,لا سوابق,لا سوابق,لا سوابق,لا سوابق,لا سوابق,لا سوابق,لا سوابق,لا سوابق,لا سوابق,لا سوابق,لا سوابق,لا سوابق,لا سوابق,لا سوابق,لا سوابق,لا سوابق,لا سوابق,لا سوابق,لا سوابق,لا سوابق,لا سوابق
MCQE,2026-10-07,196.73,44.15208549372062,27.9 - 54.7,206.47,False,هبوط>=15% من القمة + تحت متوسط50 + سيولة عالية,0.63,34.8,0.34,34.6,0.4,39.0,0.65,36.9,0.72,36.8,0.84,33.1,0.98,32.7,1.16,32.5,1.31,32.3,1.65,33.2,1.3,33.7,2.08,33.0,0.85,34.1,1.39,31.7,1.22,33.0,2.5,33.6,2.86,36.2,3.72,37.2,7.12,44.7,8.22,40.4,10.92,44.2,14.05,50.5,23.29,56.6,29.66,56.3,2/3 (67%),2/3 (67%),1/2 (50%),1/2 (50%),1/2 (50%),1/2 (50%),2/2 (100%),1/2 (50%),1/2 (50%),1/2 (50%),1/2 (50%),1/2 (50%),1/2 (50%),1/2 (50%),1/2 (50%),1/2 (50%),1/2 (50%),1/2 (50%),1/2 (50%),1/2 (50%),1/2 (50%),1/2 (50%),2/2 (100%),2/2 (100%)
MCRO,2026-10-07,1.52,44.697333132656254,36.3 - 60.1,1.61,False,هبوط>=10% من القمة + تحت متوسط50,0.01,26.1,0.11,25.7,0.34,27.0,0.54,30.7,0.8,30.5,0.88,33.0,1.38,33.0,1.67,33.0,1.65,33.3,1.84,33.2,2.21,31.7,2.55,34.5,3.32,35.6,3.66,36.1,3.16,36.5,3.85,36.7,5.74,38.7,7.82,38.9,10.39,42.2,13.13,45.7,15.07,44.4,21.47,51.8,27.4,54.7,32.67,57.7,9/20 (45%),8/20 (40%),8/19 (42%),5/19 (26%),7/19 (37%),6/18 (33%),7/18 (39%),7/18 (39%),8/18 (44%),7/18 (39%),5/18 (28%),3/18 (17%),3/18 (17%),2/18 (11%),3/18 (17%),3/18 (17%),4/18 (22%),5/18 (28%),1/18 (6%),2/18 (11%),6/18 (33%),12/18 (67%),13/18 (72%),13/18 (72%)
MEGM,2020-09-07,12.54,99.93492208588398,99.9 - 99.9,12.54,False,زخم سعري,-0.19,0.8,0.04,0.5,-0.04,0.5,-0.04,1.0,0.24,0.9,0.43,1.1,0.38,1.6,0.43,3.3,0.81,1.6,1.23,3.2,0.91,3.6,0.34,6.1,0.23,2.9,1.6,4.7,1.55,7.1,0.99,4.3,3.9,6.7,6.58,3.3,3.46,6.4,7.28,7.2,4.89,5.6,7.31,9.1,6.85,9.8,8.77,2.7,0/19 (0%),0/19 (0%),0/18 (0%),0/17 (0%),0/16 (0%),0/15 (0%),0/14 (0%),0/13 (0%),0/12 (0%),0/11 (0%),0/10 (0%),0/8 (0%),0/6 (0%),0/4 (0%),0/2 (0%),لا سوابق,لا سوابق,لا سوابق,لا سوابق,لا سوابق,لا سوابق,لا سوابق,لا سوابق,لا سوابق
MENA,2026-10-07,6.74,54.79892074106897,30.4 - 54.8,6.56,False,هبوط>=10% من القمة + تحت متوسط50,0.38,30.0,0.23,26.9,0.4,29.0,0.59,29.8,0.92,30.8,1.12,31.7,1.57,32.3,1.8,34.4,2.19,34.4,2.38,38.1,2.66,38.5,3.7,37.9,4.06,39.9,5.23,40.6,5.63,42.9,5.54,43.5,8.62,46.8,9.7,46.1,11.17,48.5,13.43,49.5,16.41,53.7,23.9,58.7,31.3,60.7,38.06,63.4,8/24 (33%),8/24 (33%),9/23 (39%),10/22 (45%),10/22 (45%),11/22 (50%),7/22 (32%),7/22 (32%),8/22 (36%),8/22 (36%),8/22 (36%),5/22 (23%),7/22 (32%),6/22 (27%),6/22 (27%),5/22 (23%),8/22 (36%),8/22 (36%),8/22 (36%),6/22 (27%),4/22 (18%),4/20 (20%),4/20 (20%),5/20 (25%)
MEPA,2026-10-07,1.72,42.40139275050215,29.7 - 54.6,1.83,False,هبوط>=15% من القمة + تحت متوسط50,0.59,34.8,0.2,31.8,0.42,35.0,0.62,38.9,0.74,35.7,0.87,35.8,1.27,35.8,1.46,36.7,1.67,36.2,1.92,34.8,2.14,37.1,2.32,36.4,2.75,37.0,2.69,36.6,2.88,36.9,3.55,38.0,6.08,39.7,6.12,41.3,8.63,46.6,9.18,48.2,11.57,48.4,20.54,53.7,27.27,56.9,32.38,58.2,1/7 (14%),1/7 (14%),2/6 (33%),2/5 (40%),3/5 (60%),3/5 (60%),3/5 (60%),2/5 (40%),3/5 (60%),3/5 (60%),2/5 (40%),2/5 (40%),2/5 (40%),2/5 (40%),2/5 (40%),2/5 (40%),2/5 (40%),2/5 (40%),2/5 (40%),3/5 (60%),3/5 (60%),3/5 (60%),3/5 (60%),5/5 (100%)
MFPC,2026-10-07,46.5,53.35600950041805,47.5 - 75.4,47.17,False,زخم سعري,0.23,29.7,0.12,26.8,0.4,30.3,0.67,30.0,0.99,31.4,1.22,33.6,1.51,32.9,1.84,32.1,2.12,33.3,2.38,33.9,2.67,36.2,3.68,38.7,3.77,35.9,4.73,39.3,5.82,40.0,6.26,40.9,7.9,43.9,10.33,47.3,13.45,50.3,20.74,53.5,19.79,52.5,22.06,51.8,26.27,55.3,31.13,59.0,35/70 (50%),34/70 (49%),32/69 (46%),30/68 (44%),28/67 (42%),26/67 (39%),28/67 (42%),31/67 (46%),31/67 (46%),33/67 (49%),32/67 (48%),31/67 (46%),29/67 (43%),29/67 (43%),30/67 (45%),29/67 (43%),34/67 (51%),39/67 (58%),43/67 (64%),46/67 (69%),50/67 (75%),61/67 (91%),62/64 (97%),62/63 (98%)
MFSC,2026-10-07,43.91,30.30501294755045,30.3 - 55.8,48.36,False,هبوط>=15% من القمة + تحت متوسط50,0.14,40.4,0.22,37.6,0.53,39.3,0.84,42.8,1.38,45.2,1.45,47.2,1.86,45.2,1.98,44.5,1.93,46.2,2.15,46.2,2.15,46.2,2.95,46.4,3.22,48.0,3.03,50.1,4.51,47.5,4.65,47.1,4.9,46.8,5.63,46.2,10.74,47.1,12.36,52.2,14.27,53.9,22.33,54.6,36.19,60.5,47.95,65.4,2/2 (100%),2/2 (100%),2/2 (100%),2/2 (100%),2/2 (100%),2/2 (100%),2/2 (100%),2/2 (100%),2/2 (100%),2/2 (100%),2/2 (100%),2/2 (100%),2/2 (100%),2/2 (100%),2/2 (100%),2/2 (100%),2/2 (100%),2/2 (100%),2/2 (100%),2/2 (100%),2/2 (100%),2/2 (100%),2/2 (100%),2/2 (100%)
MHOT,2026-10-07,17.39,45.31033171363652,38.1 - 60.8,17.8,False,هبوط>=15% من القمة + تحت متوسط50,-0.09,25.4,0.13,26.9,0.24,29.1,0.35,29.9,0.54,30.3,0.73,30.2,0.37,30.1,0.7,30.1,1.08,30.9,1.3,31.1,1.44,31.0,1.77,33.8,2.39,34.7,3.01,34.9,2.66,36.1,3.17,36.4,5.9,37.8,7.27,39.3,10.32,44.6,13.15,46.5,15.75,47.0,20.78,50.2,27.75,54.1,34.49,58.5,25/66 (38%),27/66 (41%),38/65 (58%),35/64 (55%),34/64 (53%),33/64 (52%),30/64 (47%),34/64 (53%),33/64 (52%),38/64 (59%),34/64 (53%),35/64 (55%),41/64 (64%),41/64 (64%),43/63 (68%),39/63 (62%),33/63 (52%),38/63 (60%),41/63 (65%),37/63 (59%),39/63 (62%),31/63 (49%),24/63 (38%),21/63 (33%)
MICH,2026-10-07,47.04,49.23530057729925,31.9 - 51.6,47.43,False,تحت متوسط50,0.18,29.6,0.15,26.5,0.35,28.2,0.59,29.8,0.84,32.0,0.96,31.6,1.42,32.0,1.52,34.8,1.88,34.4,2.12,36.3,2.5,36.1,2.95,37.0,3.13,38.4,3.87,37.4,4.16,39.1,4.18,39.1,5.97,40.4,7.69,41.3,8.34,43.7,10.39,43.0,12.42,45.2,17.33,50.0,24.52,55.0,32.85,59.0,21/36 (58%),20/36 (56%),18/36 (50%),16/35 (46%),14/34 (41%),15/34 (44%),19/34 (56%),20/34 (59%),21/34 (62%),25/34 (74%),25/34 (74%),25/34 (74%),27/34 (79%),29/34 (85%),26/34 (76%),26/34 (76%),28/34 (82%),27/34 (79%),25/34 (74%),25/34 (74%),24/34 (71%),28/34 (82%),27/32 (84%),28/28 (100%)
MILS,2026-10-07,183.87,44.62166471137277,31.8 - 50.5,189.7,False,هبوط>=15% من القمة + تحت متوسط50,-0.03,30.3,0.1,27.5,0.27,31.7,0.42,31.9,0.59,32.5,0.75,34.5,0.85,33.5,1.37,34.5,1.38,34.7,1.47,33.9,1.89,38.2,2.1,37.6,2.16,37.5,2.51,37.2,2.84,40.0,3.66,40.3,5.37,43.1,5.69,40.2,8.89,46.1,9.51,44.4,11.58,46.3,16.64,49.9,24.91,54.0,33.04,56.1,5/28 (18%),16/28 (57%),16/27 (59%),10/26 (38%),12/25 (48%),14/25 (56%),11/25 (44%),13/25 (52%),11/25 (44%),11/25 (44%),14/25 (56%),13/25 (52%),13/25 (52%),15/25 (60%),13/25 (52%),13/25 (52%),13/25 (52%),13/25 (52%),14/25 (56%),15/25 (60%),16/25 (64%),20/25 (80%),22/25 (88%),23/25 (92%)
MIPH,2026-10-07,827.0,53.03547960583869,43.0 - 76.3,821.16,False,هبوط>=10% من القمة,0.15,28.8,0.14,27.7,0.36,28.9,0.49,31.1,0.88,31.5,1.06,30.2,1.38,31.0,1.67,33.2,1.91,33.5,2.04,33.6,2.38,32.4,2.14,34.3,3.67,37.0,3.13,36.5,4.46,35.9,5.12,37.7,5.01,39.7,6.55,38.6,8.03,42.8,10.06,45.2,12.11,41.2,15.88,45.8,22.12,51.7,29.69,49.9,8/25 (32%),10/25 (40%),12/24 (50%),12/24 (50%),11/23 (48%),10/23 (43%),12/23 (52%),9/23 (39%),10/23 (43%),9/23 (39%),9/23 (39%),10/22 (45%),10/22 (45%),10/22 (45%),11/22 (50%),12/22 (55%),11/22 (50%),11/22 (50%),15/22 (68%),16/22 (73%),19/22 (86%),20/21 (95%),20/21 (95%),19/21 (90%)
MISR,2026-09-03,5.78,59.46836216167092,51.2 - 65.6,5.66,True,ممتد - خطر مطاردة,2.23,76.9,-0.35,7.5,0.02,16.6,0.02,20.4,0.32,22.5,0.62,21.9,0.14,26.6,0.39,31.0,0.88,31.2,1.39,35.3,1.6,32.2,2.47,36.0,2.97,32.1,3.46,40.6,3.66,38.1,4.72,33.9,5.35,38.8,22.33,44.2,23.73,51.8,59.56,54.4,45.0,55.7,103.93,63.5,87.54,64.5,82.09,63.7,9/10 (90%),2/10 (20%),2/9 (22%),3/8 (38%),2/7 (29%),3/6 (50%),2/6 (33%),3/6 (50%),2/6 (33%),3/5 (60%),2/4 (50%),3/3 (100%),3/3 (100%),2/2 (100%),لا سوابق,لا سوابق,لا سوابق,لا سوابق,لا سوابق,لا سوابق,لا سوابق,لا سوابق,لا سوابق,لا سوابق
MMAT,2026-10-07,4.88,60.71684411748904,60.7 - 100.0,4.54,False,هبوط>=10% من القمة,0.18,36.4,0.25,34.3,0.24,34.5,0.36,35.5,0.21,39.6,0.68,32.5,0.8,34.5,1.59,35.5,1.31,33.0,1.69,34.4,1.73,35.1,1.88,36.0,2.21,34.8,2.34,36.4,3.08,34.8,3.12,35.8,5.43,38.2,6.21,40.8,8.19,42.1,13.68,45.8,12.26,47.7,15.96,49.4,19.21,47.0,20.73,49.5,3/7 (43%),3/7 (43%),4/7 (57%),5/7 (71%),5/7 (71%),4/7 (57%),3/7 (43%),3/7 (43%),4/7 (57%),4/7 (57%),4/7 (57%),5/7 (71%),5/7 (71%),3/7 (43%),3/7 (43%),5/7 (71%),5/7 (71%),5/7 (71%),5/7 (71%),5/7 (71%),5/7 (71%),5/7 (71%),6/7 (86%),6/7 (86%)
MOED,2026-10-07,0.68,39.69581632276098,25.3 - 49.7,0.72,False,هبوط>=15% من القمة + تحت متوسط50,0.46,33.6,0.16,30.6,0.4,35.0,0.61,36.5,0.74,35.8,0.86,35.2,1.22,35.9,1.52,35.2,1.63,36.5,1.87,36.3,2.0,39.1,2.48,37.9,2.85,38.2,2.93,38.9,2.55,39.4,3.35,40.6,4.37,44.4,5.99,45.1,8.74,50.0,10.12,47.5,14.08,54.0,16.7,52.1,24.25,54.3,28.3,57.5,7/18 (39%),6/18 (33%),8/17 (47%),7/17 (41%),7/16 (44%),7/16 (44%),7/16 (44%),7/16 (44%),8/16 (50%),9/16 (56%),10/16 (62%),10/16 (62%),9/16 (56%),10/16 (62%),11/16 (69%),14/16 (88%),12/16 (75%),8/16 (50%),8/14 (57%),13/14 (93%),13/14 (93%),9/9 (100%),6/9 (67%),4/9 (44%)
MOIL,2026-10-07,0.69,49.15017626484685,46.7 - 72.1,0.69,False,زخم سعري,0.06,18.4,0.09,17.8,0.23,17.9,0.35,18.2,0.4,19.2,0.61,21.7,0.74,24.5,0.67,31.0,0.7,27.1,1.07,28.5,1.07,27.9,1.69,33.6,1.69,29.1,1.48,31.3,2.41,37.5,2.62,36.2,4.85,37.8,5.97,40.5,7.88,42.9,13.82,51.4,22.42,53.8,37.39,46.4,29.24,51.5,39.58,52.1,21/40 (52%),20/40 (50%),22/39 (56%),23/39 (59%),24/39 (62%),26/39 (67%),26/39 (67%),28/39 (72%),28/39 (72%),26/39 (67%),28/39 (72%),30/39 (77%),29/39 (74%),29/39 (74%),24/37 (65%),25/37 (68%),24/37 (65%),24/37 (65%),23/37 (62%),21/37 (57%),21/37 (57%),26/35 (74%),25/33 (76%),25/33 (76%)
MOIN,2026-10-07,35.49,50.6327557826401,44.3 - 52.6,35.71,False,هبوط>=15% من القمة,0.31,32.5,0.17,30.8,0.23,31.4,0.41,32.2,0.58,32.3,0.94,34.5,0.95,32.4,1.42,33.1,1.93,34.9,1.95,34.1,2.52,34.2,2.95,36.4,4.04,37.6,4.67,36.8,5.45,37.8,6.09,36.7,6.62,38.9,6.48,38.2,8.43,45.3,10.96,43.9,13.22,44.8,18.07,47.5,23.74,52.4,32.23,55.4,5/21 (24%),10/21 (48%),12/21 (57%),10/21 (48%),9/20 (45%),8/19 (42%),8/19 (42%),10/19 (53%),7/19 (37%),8/19 (42%),10/19 (53%),10/19 (53%),8/18 (44%),8/18 (44%),9/18 (50%),9/18 (50%),9/18 (50%),11/18 (61%),14/18 (78%),16/18 (89%),15/18 (83%),15/18 (83%),18/18 (100%),18/18 (100%)
MOSC,2026-10-07,278.65,40.83606014641924,20.8 - 46.5,292.54,False,هبوط>=15% من القمة + تحت متوسط50,0.15,31.3,0.12,28.8,0.28,32.4,0.53,33.6,0.68,36.6,0.81,32.2,1.12,34.5,1.27,34.3,1.31,37.3,1.75,35.5,2.05,37.2,2.75,37.8,3.21,41.2,3.86,38.8,2.31,39.4,3.42,41.5,4.51,46.6,5.49,43.3,7.62,46.4,9.61,46.3,11.69,47.2,17.52,50.2,24.46,54.9,31.44,57.0,1/4 (25%),0/4 (0%),1/3 (33%),1/2 (50%),0/1 (0%),1/1 (100%),0/1 (0%),0/1 (0%),1/1 (100%),1/1 (100%),1/1 (100%),1/1 (100%),0/1 (0%),0/1 (0%),1/1 (100%),0/1 (0%),0/1 (0%),0/1 (0%),1/1 (100%),1/1 (100%),1/1 (100%),1/1 (100%),1/1 (100%),1/1 (100%)
MPCI,2026-10-07,346.01,39.88254982189468,28.5 - 52.4,377.72,False,هبوط>=15% من القمة + تحت متوسط50,0.48,33.0,0.08,28.0,0.11,32.0,0.21,36.6,0.35,34.5,0.54,31.1,1.06,32.7,1.25,33.2,1.05,33.9,0.8,33.5,1.66,38.4,1.92,36.8,1.86,43.8,1.67,37.3,0.98,38.2,-0.23,36.4,1.96,31.1,-0.09,26.4,2.75,32.0,1.4,33.5,1.26,30.2,1.62,46.7,12.35,47.0,19.1,50.9,3/4 (75%),3/4 (75%),2/3 (67%),1/2 (50%),1/2 (50%),1/2 (50%),1/2 (50%),1/2 (50%),1/2 (50%),1/2 (50%),2/2 (100%),2/2 (100%),1/2 (50%),1/2 (50%),1/2 (50%),1/2 (50%),0/2 (0%),1/2 (50%),1/2 (50%),1/2 (50%),1/2 (50%),2/2 (100%),2/2 (100%),2/2 (100%)
MPCO,2026-10-07,2.39,46.92321144583652,46.9 - 70.5,2.59,False,هبوط>=15% من القمة,-0.11,27.1,0.16,28.0,0.22,29.7,0.29,28.5,0.47,29.3,0.72,29.2,0.26,27.6,0.82,27.8,0.76,27.8,1.11,27.1,1.17,29.6,1.71,28.5,1.94,30.4,2.64,31.7,3.27,32.8,4.66,29.3,5.05,33.1,3.54,31.5,6.47,33.3,9.3,37.2,10.28,39.9,14.61,46.7,20.87,48.6,27.51,47.7,28/63 (44%),27/63 (43%),27/62 (44%),28/61 (46%),28/61 (46%),37/60 (62%),36/60 (60%),41/60 (68%),41/60 (68%),42/60 (70%),44/60 (73%),45/60 (75%),46/60 (77%),45/60 (75%),45/60 (75%),44/60 (73%),43/60 (72%),43/60 (72%),41/60 (68%),43/60 (72%),41/60 (68%),46/60 (77%),44/54 (81%),48/53 (91%)
MPRC,2026-10-07,40.23,50.866271645928016,37.2 - 54.3,39.16,False,هبوط>=15% من القمة + تحت متوسط50,0.09,25.8,0.09,23.9,0.28,24.6,0.33,27.6,0.7,28.8,0.8,29.8,0.12,30.1,0.7,30.6,0.9,32.2,0.78,32.3,1.13,32.7,1.48,35.2,1.89,34.5,3.0,36.6,3.62,36.3,3.96,37.2,5.46,43.4,7.61,44.8,10.23,45.6,12.52,46.6,14.05,48.7,20.19,54.6,30.35,59.9,37.62,62.5,18/42 (43%),18/42 (43%),16/41 (39%),20/40 (50%),23/39 (59%),25/39 (64%),27/39 (69%),27/39 (69%),26/39 (67%),27/39 (69%),27/39 (69%),26/39 (67%),24/39 (62%),22/39 (56%),22/39 (56%),20/39 (51%),19/39 (49%),20/39 (51%),21/39 (54%),20/39 (51%),20/39 (51%),30/39 (77%),38/39 (97%),39/39 (100%)
MTIE,2026-10-07,8.06,42.95214203571595,30.9 - 48.4,8.2,False,هبوط>=15% من القمة + تحت متوسط50,0.16,26.1,0.12,25.6,0.35,30.9,0.48,29.7,0.73,32.2,0.84,33.2,0.93,34.8,0.89,33.8,1.36,34.2,1.61,36.2,1.76,36.0,2.4,36.9,3.04,38.8,3.49,36.4,3.5,39.5,3.92,40.3,5.96,44.8,6.81,44.5,9.29,50.5,12.51,52.7,14.43,55.5,23.37,60.2,37.55,63.1,41.99,65.5,6/20 (30%),6/20 (30%),6/19 (32%),9/18 (50%),9/17 (53%),11/17 (65%),10/17 (59%),9/17 (53%),7/17 (41%),5/17 (29%),4/17 (24%),3/17 (18%),3/16 (19%),3/16 (19%),3/16 (19%),2/16 (12%),6/16 (38%),9/16 (56%),12/16 (75%),14/16 (88%),15/16 (94%),15/16 (94%),16/16 (100%),16/16 (100%)
NAHO,2026-10-07,0.13,53.25853798552988,39.9 - 54.7,0.13,False,زخم سعري,0.16,25.2,0.12,23.9,0.21,25.6,0.47,25.6,0.75,27.6,1.02,28.4,0.96,29.2,1.39,27.0,1.67,25.0,1.98,26.7,1.87,28.2,2.19,27.6,2.71,31.5,3.47,30.3,4.27,31.2,4.72,32.7,5.78,36.2,6.64,39.8,9.8,46.4,13.1,52.6,16.4,50.8,19.18,50.5,21.62,53.3,28.95,60.7,15/39 (38%),13/39 (33%),11/38 (29%),13/37 (35%),10/36 (28%),9/35 (26%),9/35 (26%),11/35 (31%),11/35 (31%),11/35 (31%),13/35 (37%),15/35 (43%),14/35 (40%),16/35 (46%),17/35 (49%),21/35 (60%),22/35 (63%),21/35 (60%),16/35 (46%),15/35 (43%),14/35 (40%),19/35 (54%),20/35 (57%),29/35 (83%)
NARE,2026-10-07,17.05,48.90598057878853,36.8 - 63.5,17.21,False,هبوط>=15% من القمة + تحت متوسط50,0.22,27.7,0.08,24.2,0.19,27.5,0.35,29.7,0.5,29.6,0.65,29.4,0.82,31.7,1.06,33.4,1.46,33.1,1.31,35.3,1.58,34.2,2.26,34.5,3.21,36.5,4.05,39.0,4.97,38.1,4.5,39.2,6.66,40.3,9.08,42.2,7.01,37.6,10.89,39.7,12.87,41.0,16.86,49.7,24.01,54.4,32.94,56.8,10/36 (28%),10/36 (28%),10/35 (29%),15/35 (43%),11/35 (31%),9/35 (26%),12/35 (34%),9/35 (26%),12/35 (34%),14/35 (40%),15/35 (43%),17/34 (50%),17/33 (52%),18/33 (55%),20/33 (61%),21/33 (64%),21/33 (64%),24/33 (73%),25/33 (76%),30/33 (91%),31/33 (94%),31/33 (94%),33/33 (100%),33/33 (100%)
NBKE,2026-10-07,35.29,49.49963998344917,46.8 - 63.7,36.62,False,هبوط>=10% من القمة,-3.15,24.8,1.89,44.4,2.25,46.1,1.74,43.1,1.51,39.9,1.44,41.1,1.44,35.2,3.45,44.5,1.81,40.2,1.58,40.7,2.25,38.2,2.67,35.4,2.48,37.1,4.86,35.7,7.06,44.0,8.94,40.0,10.4,38.1,7.83,41.4,14.72,45.3,14.38,41.5,22.59,46.8,15.46,42.4,21.52,45.0,21.19,45.9,3/3 (100%),1/3 (33%),1/2 (50%),1/1 (100%),1/1 (100%),1/1 (100%),0/1 (0%),1/1 (100%),1/1 (100%),1/1 (100%),لا سوابق,لا سوابق,لا سوابق,لا سوابق,لا سوابق,لا سوابق,لا سوابق,لا سوابق,لا سوابق,لا سوابق,لا سوابق,لا سوابق,لا سوابق,لا سوابق
NCCW,2026-10-07,7.02,49.48404061838978,45.9 - 61.8,7.5,False,هبوط>=15% من القمة,-0.15,24.5,0.15,28.7,0.22,25.3,0.29,30.3,0.49,28.7,0.72,30.2,0.45,29.3,1.0,29.5,1.28,30.6,1.32,33.0,1.07,32.6,1.66,34.2,2.27,34.6,2.27,33.9,3.3,33.4,4.47,33.7,5.15,35.3,6.82,36.1,5.71,37.7,9.69,40.8,12.55,43.2,15.45,47.1,23.53,51.2,29.47,52.6,28/63 (44%),28/63 (44%),22/62 (35%),23/61 (38%),21/61 (34%),22/60 (37%),24/60 (40%),27/59 (46%),26/59 (44%),29/59 (49%),29/59 (49%),27/59 (46%),24/59 (41%),19/59 (32%),17/59 (29%),18/59 (31%),20/59 (34%),16/56 (29%),16/53 (30%),17/53 (32%),18/53 (34%),14/53 (26%),20/53 (38%),18/53 (34%)
NCGC,2026-10-07,51.0,52.71109211255273,46.7 - 52.7,50.28,False,هبوط>=15% من القمة + تحت متوسط50,-0.03,22.6,-0.23,10.8,0.03,13.3,-0.2,10.0,0.21,12.0,0.43,11.3,-0.59,14.5,-0.07,13.6,0.23,19.2,0.44,14.9,1.16,18.9,-0.64,25.7,0.25,22.7,1.35,21.7,0.58,22.4,2.67,22.2,1.73,21.8,-0.54,29.2,1.15,45.9,2.23,32.2,2.24,32.6,14.81,29.1,17.17,33.8,17.35,54.6,0/1 (0%),0/1 (0%),لا سوابق,لا سوابق,لا سوابق,لا سوابق,لا سوابق,لا سوابق,لا سوابق,لا سوابق,لا سوابق,لا سوابق,لا سوابق,لا سوابق,لا سوابق,لا سوابق,لا سوابق,لا سوابق,لا سوابق,لا سوابق,لا سوابق,لا سوابق,لا سوابق,لا سوابق
NDRL,2026-10-07,5.62,59.07928280003502,37.2 - 64.4,4.57,True,ممتد - خطر مطاردة,15.42,81.0,-5.61,5.1,-8.0,7.5,-5.41,10.5,-6.48,9.8,-5.32,10.1,-10.75,15.6,-8.12,14.1,-3.0,21.2,-4.74,16.9,-7.16,19.0,-7.26,21.9,-2.71,26.6,-1.13,26.4,-5.82,22.6,0.26,26.7,-13.25,22.3,-2.52,24.7,3.5,35.6,125.97,34.4,172.81,37.7,153.11,34.7,214.18,37.9,158.83,45.9,7/8 (88%),0/8 (0%),1/7 (14%),0/6 (0%),0/6 (0%),0/6 (0%),0/6 (0%),0/6 (0%),0/6 (0%),0/6 (0%),1/6 (17%),1/6 (17%),1/5 (20%),1/5 (20%),1/5 (20%),0/5 (0%),3/4 (75%),لا سوابق,لا سوابق,لا سوابق,لا سوابق,لا سوابق,لا سوابق,لا سوابق
NEDA,2026-10-07,2.65,45.39999540540007,32.6 - 51.1,2.69,False,هبوط>=15% من القمة + تحت متوسط50,-0.34,19.9,0.08,24.9,0.23,22.2,0.28,24.1,0.56,24.6,0.67,24.0,0.82,25.9,1.02,25.8,1.11,28.8,1.31,27.9,1.06,28.4,1.43,30.9,2.67,32.3,2.62,33.6,3.08,33.9,3.12,33.2,4.92,38.3,7.39,39.0,10.01,43.2,11.91,44.6,14.41,46.8,20.27,52.9,27.69,58.8,39.11,65.0,16/49 (33%),16/49 (33%),15/49 (31%),16/48 (33%),18/48 (38%),18/47 (38%),18/46 (39%),16/46 (35%),17/46 (37%),20/46 (43%),24/46 (52%),25/46 (54%),23/46 (50%),21/46 (46%),19/46 (41%),22/46 (48%),17/46 (37%),14/46 (30%),9/45 (20%),9/45 (20%),5/45 (11%),5/38 (13%),5/38 (13%),5/38 (13%)
NHPS,2026-10-07,73.29,42.77451231668434,26.8 - 50.2,75.23,False,هبوط>=15% من القمة + تحت متوسط50,0.21,32.3,0.17,31.9,0.33,33.0,0.4,32.9,0.51,34.0,0.72,32.2,0.98,34.6,1.15,32.9,1.45,34.4,1.65,34.5,1.05,34.3,1.39,31.5,1.59,34.2,1.5,33.9,1.51,34.7,1.62,34.3,2.95,36.7,4.23,39.1,7.85,48.0,10.15,47.3,11.62,48.9,16.64,50.6,23.88,54.9,28.12,56.2,1/3 (33%),1/3 (33%),0/2 (0%),0/2 (0%),1/2 (50%),1/2 (50%),1/2 (50%),1/2 (50%),0/2 (0%),0/2 (0%),0/2 (0%),0/2 (0%),1/2 (50%),1/2 (50%),2/2 (100%),2/2 (100%),2/2 (100%),1/2 (50%),2/2 (100%),2/2 (100%),2/2 (100%),2/2 (100%),2/2 (100%),2/2 (100%)
NINH,2026-10-07,19.06,36.35977634027473,33.3 - 45.1,20.27,False,هبوط>=15% من القمة + تحت متوسط50,0.23,29.3,0.09,27.6,0.17,34.6,0.31,36.2,0.49,34.4,0.61,35.0,0.64,33.5,0.85,35.2,1.07,34.2,1.21,34.1,1.32,34.3,1.48,35.9,1.94,34.3,1.69,32.8,2.65,35.7,2.05,34.8,2.16,35.3,4.73,34.4,5.76,40.2,5.02,30.2,10.1,42.8,13.34,51.1,23.85,57.4,33.81,63.6,5/33 (15%),11/33 (33%),12/32 (38%),12/31 (39%),13/30 (43%),13/30 (43%),16/30 (53%),13/30 (43%),16/30 (53%),17/30 (57%),16/29 (55%),13/27 (48%),11/27 (41%),10/27 (37%),7/27 (26%),7/27 (26%),8/27 (30%),10/27 (37%),10/27 (37%),11/27 (41%),12/27 (44%),19/27 (70%),26/27 (96%),26/27 (96%)
NIPH,2026-10-07,315.5,47.08143332531981,41.1 - 54.7,320.26,False,هبوط>=15% من القمة + تحت متوسط50,-0.33,26.1,0.04,25.7,0.13,22.7,-0.17,24.2,0.1,25.3,0.45,26.6,-0.19,26.4,-0.42,29.4,-0.25,27.4,0.29,30.7,-0.44,25.4,-0.9,24.3,-1.75,21.3,-1.71,21.4,-1.46,19.8,-1.92,24.2,-2.39,23.6,-2.41,22.2,-2.0,32.5,0.27,35.7,0.34,32.6,9.79,43.7,17.07,43.8,24.13,46.7,42/102 (41%),54/102 (53%),56/102 (55%),58/102 (57%),63/102 (62%),66/102 (65%),64/102 (63%),61/102 (60%),61/102 (60%),61/101 (60%),66/100 (66%),63/100 (63%),68/100 (68%),66/100 (66%),63/100 (63%),64/100 (64%),69/100 (69%),70/100 (70%),79/100 (79%),81/100 (81%),88/100 (88%),92/100 (92%),93/100 (93%),94/99 (95%)
OBRI,2026-10-07,28.36,45.49329953443719,16.8 - 50.8,28.91,True,ممتد - خطر مطاردة + هبوط>=15% من القمة + تحت متوسط50,0.4,33.8,0.16,30.9,0.34,39.2,0.22,36.8,0.76,35.5,0.84,35.2,0.34,35.2,0.29,33.4,0.15,34.3,0.39,34.1,-0.26,33.8,-0.79,32.9,-1.61,30.0,-2.73,31.3,-1.06,34.4,-0.6,33.0,1.05,33.1,3.19,37.3,5.25,43.0,7.03,45.4,14.36,48.2,14.67,48.8,24.93,60.3,28.99,60.4,0/2 (0%),0/2 (0%),0/1 (0%),لا سوابق,لا سوابق,لا سوابق,لا سوابق,لا سوابق,لا سوابق,لا سوابق,لا سوابق,لا سوابق,لا سوابق,لا سوابق,لا سوابق,لا سوابق,لا سوابق,لا سوابق,لا سوابق,لا سوابق,لا سوابق,لا سوابق,لا سوابق,لا سوابق
OCDI,2026-10-07,27.32,40.51437891831071,23.4 - 42.3,28.59,False,هبوط>=15% من القمة + تحت متوسط50,0.52,35.3,0.14,28.6,0.3,32.3,0.54,33.7,0.62,34.5,0.8,36.8,1.03,36.7,1.03,33.8,1.19,33.7,1.6,35.1,2.53,36.7,2.92,36.3,2.72,38.3,3.93,36.3,1.39,38.4,2.33,40.6,4.41,44.0,5.03,43.5,7.1,47.0,7.31,40.5,10.33,53.8,17.31,52.4,25.83,56.5,32.77,59.0,3/4 (75%),3/4 (75%),2/3 (67%),2/3 (67%),2/3 (67%),2/3 (67%),2/3 (67%),2/3 (67%),2/3 (67%),2/3 (67%),2/3 (67%),2/3 (67%),2/3 (67%),2/3 (67%),2/3 (67%),2/3 (67%),2/3 (67%),1/3 (33%),1/3 (33%),1/3 (33%),1/3 (33%),2/3 (67%),2/3 (67%),2/3 (67%)
OCPH,2026-10-07,221.69,41.78338396649507,28.1 - 49.8,232.15,False,هبوط>=15% من القمة + تحت متوسط50,0.41,33.7,0.1,28.7,0.16,32.7,0.45,33.6,0.53,36.6,0.68,35.0,0.79,34.4,0.97,34.3,0.91,36.2,1.21,34.2,0.52,36.1,1.58,36.1,2.1,36.0,2.13,34.0,1.22,34.8,0.85,30.5,1.63,32.1,2.49,35.6,5.62,43.7,8.03,41.8,10.81,47.5,15.58,49.9,23.42,55.5,31.22,58.8,1/13 (8%),9/13 (69%),9/12 (75%),10/12 (83%),9/12 (75%),8/11 (73%),7/11 (64%),6/11 (55%),5/11 (45%),4/11 (36%),5/11 (45%),4/11 (36%),4/11 (36%),3/11 (27%),4/11 (36%),6/11 (55%),5/11 (45%),7/11 (64%),4/11 (36%),3/11 (27%),3/11 (27%),7/11 (64%),9/11 (82%),10/11 (91%)
ODIN,2026-10-07,2.53,40.74019367946884,31.2 - 48.1,2.65,False,هبوط>=15% من القمة + تحت متوسط50,0.22,33.6,-0.01,30.2,0.02,32.6,0.36,34.5,0.38,33.0,0.73,32.3,0.8,34.4,0.85,34.2,1.27,33.4,1.45,34.0,0.92,37.0,0.98,37.4,1.32,38.2,1.5,36.9,1.37,36.7,1.07,31.7,2.65,40.5,4.52,40.3,6.01,45.2,10.72,47.6,12.68,47.5,19.18,53.0,29.67,53.1,32.99,56.3,6/19 (32%),6/19 (32%),8/18 (44%),10/17 (59%),9/17 (53%),9/17 (53%),9/17 (53%),9/17 (53%),10/17 (59%),10/17 (59%),8/17 (47%),11/16 (69%),9/16 (56%),9/16 (56%),9/16 (56%),10/16 (62%),9/16 (56%),9/16 (56%),8/16 (50%),9/16 (56%),9/16 (56%),9/16 (56%),9/16 (56%),9/16 (56%)
OFH,2026-10-07,0.88,41.16746555704815,33.0 - 65.8,0.99,False,هبوط>=15% من القمة + تحت متوسط50,0.12,40.9,0.29,39.9,0.39,43.1,1.01,45.4,1.24,45.9,1.25,46.6,0.9,43.0,1.5,43.3,2.04,44.9,0.96,40.4,0.81,39.0,1.23,38.1,0.95,38.8,1.38,38.5,2.85,38.8,3.09,34.6,4.59,33.2,2.42,35.1,6.25,35.9,6.43,39.0,7.58,39.8,9.06,47.6,19.68,48.4,28.04,51.3,7/13 (54%),7/13 (54%),8/13 (62%),8/13 (62%),8/13 (62%),8/12 (67%),8/12 (67%),7/12 (58%),7/12 (58%),6/12 (50%),6/12 (50%),6/12 (50%),7/12 (58%),8/12 (67%),9/12 (75%),9/12 (75%),7/12 (58%),8/12 (67%),6/12 (50%),7/12 (58%),6/12 (50%),5/12 (42%),3/11 (27%),3/11 (27%)
OIH,2026-10-07,1.88,41.15669206393298,31.5 - 74.8,2.03,False,هبوط>=10% من القمة + تحت متوسط50,0.26,30.0,0.07,26.4,0.22,30.6,0.48,31.9,0.63,34.5,0.74,32.1,0.86,31.3,1.43,31.3,1.52,35.6,1.83,32.9,1.94,34.8,2.84,36.5,3.93,34.1,4.56,30.6,3.7,36.0,4.31,41.3,5.12,40.1,6.38,41.3,9.0,45.4,10.94,44.4,12.53,47.8,16.49,49.6,23.41,55.2,32.2,60.7,10/28 (36%),10/28 (36%),10/27 (37%),12/26 (46%),11/26 (42%),11/26 (42%),10/26 (38%),11/26 (42%),12/26 (46%),10/26 (38%),10/26 (38%),9/26 (35%),9/26 (35%),8/26 (31%),8/26 (31%),8/26 (31%),12/26 (46%),13/26 (50%),15/26 (58%),12/26 (46%),16/26 (62%),19/24 (79%),20/24 (83%),18/24 (75%)
OLFI,2026-10-07,21.09,32.26421763619534,32.1 - 48.9,22.14,False,هبوط>=15% من القمة + تحت متوسط50,-0.06,22.5,0.08,22.0,0.15,25.0,0.19,28.7,0.27,30.9,0.54,33.2,0.51,31.8,0.67,32.7,0.89,31.3,1.11,30.3,1.06,33.6,1.77,39.2,2.35,42.4,2.93,39.1,3.68,44.5,4.67,43.4,5.69,52.2,8.13,48.0,10.68,50.6,13.86,53.8,15.99,57.5,23.74,59.2,29.35,64.4,35.71,68.6,15/39 (38%),15/39 (38%),13/38 (34%),15/37 (41%),15/36 (42%),18/35 (51%),19/34 (56%),18/34 (53%),19/34 (56%),17/34 (50%),16/34 (47%),15/34 (44%),19/34 (56%),17/34 (50%),17/34 (50%),18/34 (53%),18/34 (53%),18/34 (53%),21/34 (62%),23/34 (68%),23/34 (68%),22/34 (65%),30/34 (88%),32/33 (97%)
ORAS,2026-10-07,877.02,62.434171101278615,39.1 - 62.4,834.67,True,ممتد - خطر مطاردة + سيولة عالية,0.7,35.6,0.5,32.5,0.93,36.3,1.17,36.7,1.41,38.8,1.83,39.7,2.52,40.1,2.44,43.4,3.05,43.2,3.29,44.1,3.87,45.1,4.8,44.2,5.56,45.2,6.43,45.4,6.91,46.2,7.24,46.5,8.69,48.0,9.65,46.6,10.44,47.0,10.19,48.5,10.94,49.3,16.22,51.3,23.11,55.2,31.1,59.8,4/6 (67%),4/6 (67%),3/6 (50%),3/6 (50%),3/6 (50%),3/6 (50%),3/6 (50%),3/6 (50%),4/6 (67%),3/6 (50%),2/6 (33%),1/6 (17%),1/6 (17%),2/6 (33%),3/6 (50%),2/6 (33%),2/6 (33%),3/6 (50%),4/6 (67%),4/6 (67%),5/6 (83%),6/6 (100%),6/6 (100%),6/6 (100%)
ORHD,2026-10-07,12.0,39.738804943175,29.0 - 52.6,12.58,False,هبوط>=10% من القمة + تحت متوسط50,0.15,25.0,0.15,25.7,0.3,29.4,0.31,29.6,0.56,30.9,0.74,29.4,0.7,32.7,0.9,31.8,1.31,35.1,1.68,35.1,1.49,33.3,2.55,34.9,2.22,36.8,2.77,35.0,2.81,32.1,3.26,37.4,5.8,36.3,6.76,39.2,8.69,43.3,11.4,43.8,11.97,43.3,16.48,50.9,26.54,57.0,33.47,63.7,6/12 (50%),6/12 (50%),8/11 (73%),5/10 (50%),6/9 (67%),6/9 (67%),5/9 (56%),6/9 (67%),6/9 (67%),6/9 (67%),6/9 (67%),6/9 (67%),6/9 (67%),5/9 (56%),4/9 (44%),6/9 (67%),7/9 (78%),7/9 (78%),7/9 (78%),7/9 (78%),9/9 (100%),8/9 (89%),9/9 (100%),9/9 (100%)
ORWE,2026-10-07,27.14,50.83881730468214,48.2 - 59.9,27.3,False,زخم سعري,0.17,25.3,0.12,25.9,0.4,28.6,0.68,29.2,0.96,32.9,1.2,31.8,1.25,33.3,1.66,31.2,1.79,31.4,2.09,32.9,2.29,33.5,3.08,33.4,3.34,34.9,4.32,35.9,4.73,36.2,5.21,35.9,7.47,41.2,8.83,42.6,11.19,48.6,14.35,50.7,17.17,51.6,21.14,50.8,29.2,57.8,34.55,59.9,47/114 (41%),48/114 (42%),47/113 (42%),44/112 (39%),43/112 (38%),46/112 (41%),46/112 (41%),49/112 (44%),50/111 (45%),51/111 (46%),42/111 (38%),48/110 (44%),50/109 (46%),56/109 (51%),59/109 (54%),63/109 (58%),68/109 (62%),70/108 (65%),87/108 (81%),78/105 (74%),68/104 (65%),63/94 (67%),59/92 (64%),53/90 (59%)
PACH,2026-10-07,86.5,54.359965589563565,47.5 - 67.0,84.82,False,هبوط>=15% من القمة,-3.01,19.6,-0.13,25.4,-0.07,27.4,2.38,27.6,-0.39,25.0,0.39,28.2,3.74,26.5,0.58,27.0,2.53,26.4,1.08,25.6,0.59,24.7,1.46,29.3,1.21,23.7,2.34,25.5,3.75,32.0,3.66,30.8,-0.29,33.7,2.59,33.4,4.2,36.7,6.76,44.3,7.57,42.0,7.47,37.4,9.88,50.1,14.32,49.3,0/3 (0%),0/3 (0%),1/3 (33%),0/3 (0%),0/3 (0%),0/3 (0%),0/3 (0%),0/3 (0%),0/3 (0%),0/3 (0%),1/3 (33%),0/3 (0%),0/3 (0%),2/3 (67%),2/3 (67%),2/3 (67%),2/3 (67%),1/3 (33%),0/3 (0%),0/3 (0%),1/3 (33%),3/3 (100%),2/2 (100%),2/2 (100%)
PHAR,2026-10-07,114.1,45.356341505530175,30.6 - 49.1,115.36,False,هبوط>=15% من القمة + تحت متوسط50,0.23,28.9,0.1,27.4,0.27,30.1,0.38,29.4,0.6,31.2,0.73,33.7,0.91,31.9,0.47,31.6,1.08,32.8,1.1,31.5,0.68,33.2,1.11,33.2,1.11,36.1,2.26,36.7,2.05,39.5,2.3,43.8,4.33,44.6,6.26,40.3,7.22,49.4,9.32,44.6,12.34,51.0,18.26,55.1,33.66,59.3,38.27,58.5,9/26 (35%),16/26 (62%),17/26 (65%),13/26 (50%),15/26 (58%),16/26 (62%),15/25 (60%),16/25 (64%),16/25 (64%),17/25 (68%),17/25 (68%),17/25 (68%),17/25 (68%),18/25 (72%),18/25 (72%),19/25 (76%),22/25 (88%),21/25 (84%),23/25 (92%),23/25 (92%),25/25 (100%),23/25 (92%),23/25 (92%),25/25 (100%)
PHDC,2026-10-07,12.93,36.06878534503433,24.3 - 40.3,13.39,False,هبوط>=15% من القمة + تحت متوسط50,0.19,27.4,0.11,25.7,0.33,32.6,0.52,35.1,0.47,34.2,0.8,38.8,1.27,38.4,1.55,44.2,1.7,43.6,1.9,42.3,2.02,39.6,2.67,43.8,3.62,46.0,3.69,44.1,4.23,46.6,5.92,48.1,8.11,45.1,8.19,48.7,11.29,52.6,14.06,53.5,16.74,55.5,24.24,59.3,35.38,65.8,40.41,70.1,23/46 (50%),23/46 (50%),19/45 (42%),20/45 (44%),21/44 (48%),22/43 (51%),22/42 (52%),25/42 (60%),26/42 (62%),23/42 (55%),22/41 (54%),19/39 (49%),21/39 (54%),21/39 (54%),24/39 (62%),27/39 (69%),24/39 (62%),27/39 (69%),29/39 (74%),28/39 (72%),30/39 (77%),31/39 (79%),31/39 (79%),31/39 (79%)
PHGC,2026-10-07,0.08,40.72040729043472,27.4 - 46.2,0.09,False,هبوط>=15% من القمة + تحت متوسط50,0.1,27.6,0.13,27.6,0.38,31.5,0.57,32.1,0.75,33.7,0.84,34.1,1.25,35.4,1.46,34.4,1.6,37.5,1.89,39.7,2.23,39.2,2.76,42.7,2.64,42.6,3.4,41.5,3.42,41.1,3.48,42.8,5.52,48.1,7.38,48.4,9.52,50.9,10.86,50.6,13.0,54.2,20.64,56.3,30.2,61.6,31.5,63.4,1/8 (12%),1/8 (12%),1/7 (14%),2/6 (33%),2/6 (33%),3/6 (50%),3/6 (50%),4/6 (67%),4/6 (67%),4/6 (67%),3/6 (50%),3/6 (50%),3/6 (50%),2/6 (33%),3/6 (50%),2/6 (33%),3/6 (50%),1/6 (17%),1/6 (17%),1/6 (17%),1/6 (17%),1/6 (17%),0/6 (0%),0/6 (0%)
PHTV,2026-10-07,343.0,48.59084456211328,40.5 - 53.3,347.87,False,هبوط>=15% من القمة + تحت متوسط50,-0.05,26.4,0.1,26.3,0.26,27.2,0.35,29.6,0.58,30.4,0.72,31.5,0.8,30.8,1.04,32.1,1.01,33.3,1.09,33.4,1.12,33.1,0.95,34.4,2.0,37.0,2.6,36.7,3.95,37.9,3.77,39.1,6.08,38.3,5.53,38.3,5.88,40.7,9.87,44.0,12.03,41.0,16.25,47.9,24.23,52.8,34.07,52.8,30/87 (34%),34/87 (39%),37/87 (43%),37/86 (43%),37/85 (44%),40/84 (48%),36/83 (43%),41/83 (49%),40/83 (48%),39/83 (47%),44/83 (53%),43/83 (52%),52/81 (64%),48/81 (59%),44/80 (55%),48/80 (60%),43/78 (55%),49/78 (63%),57/78 (73%),64/78 (82%),66/78 (85%),67/78 (86%),68/78 (87%),78/78 (100%)
POUL,2026-10-07,9.99,43.82288669654642,31.6 - 51.3,10.28,False,تحت متوسط50,0.01,29.7,0.15,28.6,0.4,32.1,0.63,32.0,0.82,32.0,0.93,31.6,1.38,33.3,1.54,32.9,1.53,33.0,2.03,32.7,2.22,33.0,2.63,34.7,3.24,35.4,3.66,36.2,4.17,37.7,5.04,35.7,6.87,39.7,8.38,40.5,10.82,45.3,13.53,47.4,15.59,46.1,20.29,51.4,30.06,57.2,35.52,62.2,27/51 (53%),27/51 (53%),30/50 (60%),34/49 (69%),36/49 (73%),35/49 (71%),37/49 (76%),39/49 (80%),39/49 (80%),38/49 (78%),37/48 (77%),35/48 (73%),30/46 (65%),31/45 (69%),35/45 (78%),37/45 (82%),42/45 (93%),39/42 (93%),35/42 (83%),36/36 (100%),35/36 (97%),34/35 (97%),34/35 (97%),35/35 (100%)
PRCL,2026-10-07,25.62,34.918594147052715,20.6 - 45.4,29.22,False,هبوط>=15% من القمة + تحت متوسط50,1.11,31.4,0.1,30.0,0.11,32.2,0.59,29.8,0.56,31.4,0.68,30.7,0.19,35.8,1.37,35.2,1.36,33.9,1.74,34.1,2.13,37.7,1.67,34.5,2.0,34.5,-0.03,34.3,-0.04,32.2,0.6,32.5,0.31,35.5,3.44,35.9,5.84,44.6,8.4,45.6,10.76,40.3,13.66,47.4,23.16,55.3,29.69,51.7,0/1 (0%),0/1 (0%),0/1 (0%),0/1 (0%),0/1 (0%),0/1 (0%),0/1 (0%),0/1 (0%),0/1 (0%),1/1 (100%),1/1 (100%),1/1 (100%),0/1 (0%),0/1 (0%),0/1 (0%),0/1 (0%),0/1 (0%),0/1 (0%),0/1 (0%),0/1 (0%),0/1 (0%),0/1 (0%),1/1 (100%),1/1 (100%)
PRDC,2026-10-07,7.11,39.50463593468199,25.8 - 55.7,7.57,False,هبوط>=15% من القمة + تحت متوسط50,0.26,31.6,0.21,29.6,0.23,33.1,0.37,32.1,0.61,36.0,0.66,33.9,0.53,35.9,0.43,33.5,0.89,34.2,0.54,33.4,0.09,36.5,0.74,32.1,0.32,34.3,0.68,33.6,0.33,32.3,0.09,27.4,1.92,34.2,2.73,31.3,5.59,37.2,7.68,43.8,9.23,40.9,14.03,50.7,21.25,55.5,28.36,56.2,5/9 (56%),4/9 (44%),5/8 (62%),6/8 (75%),5/8 (62%),6/7 (86%),7/7 (100%),7/7 (100%),7/7 (100%),7/7 (100%),7/7 (100%),7/7 (100%),7/7 (100%),6/7 (86%),7/7 (100%),7/7 (100%),7/7 (100%),7/7 (100%),7/7 (100%),7/7 (100%),7/7 (100%),7/7 (100%),7/7 (100%),7/7 (100%)
PRMH,2026-10-07,2.24,35.413180216500336,29.1 - 52.8,2.46,False,هبوط>=15% من القمة + تحت متوسط50,0.57,38.7,0.19,31.9,0.42,35.5,0.66,38.7,0.65,35.7,0.89,36.3,1.3,37.6,1.57,38.6,1.83,35.8,1.9,39.5,2.47,38.5,1.97,40.4,2.6,40.2,2.44,40.2,2.18,43.0,2.23,41.0,3.17,41.5,4.5,43.4,4.82,45.2,8.06,42.4,9.57,47.9,11.68,51.7,23.76,56.0,28.43,61.0,1/3 (33%),1/3 (33%),0/2 (0%),0/1 (0%),0/1 (0%),1/1 (100%),1/1 (100%),1/1 (100%),1/1 (100%),1/1 (100%),1/1 (100%),1/1 (100%),1/1 (100%),1/1 (100%),1/1 (100%),1/1 (100%),1/1 (100%),1/1 (100%),1/1 (100%),1/1 (100%),1/1 (100%),1/1 (100%),1/1 (100%),1/1 (100%)
QNBE,2026-10-07,58.26,47.42480001044256,44.5 - 63.1,58.96,False,تحت متوسط50 + سيولة عالية,0.17,26.8,0.25,30.9,0.34,31.6,0.41,29.9,0.66,30.6,0.9,29.9,0.91,30.5,1.23,30.0,1.74,30.0,2.01,31.3,1.92,32.2,2.41,34.6,2.5,36.1,3.63,37.2,3.87,36.9,5.22,38.7,6.98,40.2,7.47,40.8,10.09,44.4,11.93,45.3,14.11,49.2,21.42,50.0,28.04,54.3,34.55,59.6,34/67 (51%),39/67 (58%),31/66 (47%),35/65 (54%),36/64 (56%),41/63 (65%),38/63 (60%),35/63 (56%),37/62 (60%),35/62 (56%),35/62 (56%),35/62 (56%),38/62 (61%),38/62 (61%),40/62 (65%),35/61 (57%),37/60 (62%),41/59 (69%),40/59 (68%),38/59 (64%),38/59 (64%),31/48 (65%),28/45 (62%),28/45 (62%)
RACC,2026-10-07,9.32,44.64064569823905,30.7 - 47.7,9.47,False,هبوط>=15% من القمة + تحت متوسط50,0.18,27.9,0.13,27.2,0.38,30.7,0.62,31.6,0.79,32.7,0.92,33.9,1.4,35.8,1.63,36.8,1.74,37.3,2.01,37.8,2.4,37.2,2.87,38.8,3.13,40.0,4.29,41.2,3.71,41.4,4.56,42.9,6.99,45.7,8.66,48.1,11.39,49.6,13.04,49.1,15.77,51.1,22.12,60.0,31.06,62.1,38.75,69.4,5/14 (36%),5/14 (36%),7/13 (54%),6/12 (50%),4/11 (36%),2/11 (18%),2/11 (18%),2/11 (18%),2/11 (18%),2/11 (18%),2/11 (18%),3/11 (27%),4/10 (40%),3/10 (30%),4/10 (40%),4/10 (40%),4/10 (40%),4/10 (40%),4/10 (40%),4/10 (40%),5/10 (50%),5/10 (50%),4/10 (40%),10/10 (100%)
RAKT,2026-10-07,23.89,67.94522183137323,36.1 - 68.1,22.25,True,ممتد - خطر مطاردة + هبوط>=10% من القمة,0.41,32.4,0.35,30.3,0.65,31.3,0.92,35.3,1.23,31.6,1.38,35.4,1.77,39.0,2.05,38.2,2.37,38.2,2.67,38.4,2.65,39.3,3.63,41.0,4.53,41.6,5.27,42.3,6.26,43.6,6.85,43.4,8.78,46.7,9.91,47.2,11.68,50.8,14.74,53.0,20.43,56.6,24.2,60.3,29.05,63.1,33.56,63.5,2/5 (40%),1/5 (20%),3/5 (60%),3/5 (60%),4/5 (80%),4/5 (80%),3/5 (60%),4/5 (80%),4/5 (80%),4/5 (80%),4/5 (80%),3/5 (60%),3/5 (60%),3/5 (60%),4/5 (80%),5/5 (100%),4/5 (80%),4/5 (80%),4/5 (80%),4/5 (80%),4/5 (80%),4/5 (80%),3/5 (60%),3/5 (60%)
RAYA,2026-10-07,6.6,43.3376218845498,23.6 - 47.1,6.8,False,هبوط>=15% من القمة + تحت متوسط50,0.13,29.2,0.09,28.5,0.37,30.6,0.54,30.4,0.78,31.4,0.87,32.0,1.2,36.7,1.19,34.7,1.76,34.6,1.93,35.8,2.09,34.0,2.22,36.5,2.49,36.5,2.86,38.2,2.93,39.5,3.92,39.8,4.65,43.4,7.02,45.9,10.18,50.1,10.51,48.7,13.49,49.0,22.75,55.3,29.66,58.0,35.44,65.1,5/9 (56%),5/9 (56%),4/8 (50%),4/7 (57%),3/6 (50%),2/6 (33%),3/6 (50%),1/6 (17%),3/6 (50%),4/6 (67%),4/6 (67%),3/6 (50%),3/6 (50%),5/6 (83%),4/6 (67%),2/6 (33%),1/6 (17%),2/6 (33%),0/6 (0%),2/6 (33%),3/6 (50%),2/6 (33%),3/6 (50%),3/6 (50%)
RKAZ,2026-10-07,4.96,48.42575637395405,48.4 - 59.5,5.18,False,هبوط>=15% من القمة,-1.36,19.8,0.59,34.3,0.35,33.1,0.39,30.9,0.2,30.7,0.53,29.3,0.8,30.0,0.89,32.3,0.71,33.3,1.1,29.9,1.68,32.0,2.3,31.7,2.81,32.0,3.59,40.7,7.66,37.7,6.34,37.3,6.63,36.1,7.36,39.1,7.74,39.9,10.96,41.8,14.88,43.6,18.82,44.3,27.82,45.6,34.04,52.6,24/57 (42%),24/57 (42%),25/56 (45%),27/55 (49%),23/54 (43%),20/54 (37%),25/53 (47%),25/53 (47%),26/53 (49%),25/53 (47%),21/53 (40%),20/53 (38%),22/53 (42%),22/53 (42%),25/53 (47%),24/53 (45%),26/53 (49%),31/53 (58%),32/51 (63%),36/47 (77%),22/42 (52%),10/42 (24%),23/42 (55%),22/42 (52%)
RMDA,2026-10-07,5.41,37.40181742905861,30.0 - 50.1,5.78,False,هبوط>=15% من القمة + تحت متوسط50,0.34,32.9,0.15,28.6,0.34,34.0,0.57,37.7,0.87,39.9,0.8,39.7,1.19,36.6,1.46,41.0,1.3,41.5,1.52,37.4,2.14,38.1,1.99,38.8,1.99,39.8,2.2,40.3,2.09,41.7,2.86,43.4,3.99,42.0,5.73,44.9,9.7,47.4,11.28,47.4,13.38,51.1,19.85,55.6,32.41,59.4,35.73,65.8,4/13 (31%),4/13 (31%),4/12 (33%),5/11 (45%),4/10 (40%),1/10 (10%),1/10 (10%),0/10 (0%),1/10 (10%),0/10 (0%),0/10 (0%),0/10 (0%),0/10 (0%),0/10 (0%),0/10 (0%),0/10 (0%),0/10 (0%),0/10 (0%),3/10 (30%),3/10 (30%),4/10 (40%),7/10 (70%),9/10 (90%),9/10 (90%)
ROTO,2026-10-07,40.86,49.02130938165433,24.5 - 49.0,40.18,True,ممتد - خطر مطاردة + هبوط>=15% من القمة + تحت متوسط50,0.21,31.2,0.16,30.1,0.28,29.6,0.27,30.8,0.78,31.5,0.68,36.2,0.65,35.6,0.73,32.8,0.93,34.1,1.45,36.5,1.85,35.6,0.79,37.1,1.9,37.6,2.18,40.5,1.42,43.3,2.39,42.2,5.34,42.4,5.88,44.2,7.91,46.3,10.45,47.9,11.11,48.1,21.19,56.3,29.35,55.7,34.26,61.8,لا سوابق,لا سوابق,لا سوابق,لا سوابق,لا سوابق,لا سوابق,لا سوابق,لا سوابق,لا سوابق,لا سوابق,لا سوابق,لا سوابق,لا سوابق,لا سوابق,لا سوابق,لا سوابق,لا سوابق,لا سوابق,لا سوابق,لا سوابق,لا سوابق,لا سوابق,لا سوابق,لا سوابق
RREI,2026-10-07,3.91,41.29819490746833,26.9 - 49.2,4.12,False,هبوط>=15% من القمة + تحت متوسط50,-0.15,26.4,0.12,25.3,0.16,27.9,0.29,31.0,0.5,33.2,0.72,32.3,1.0,34.9,1.11,35.9,1.27,39.3,1.72,36.5,2.68,37.5,2.92,37.5,4.06,37.7,4.07,38.2,2.43,39.9,3.53,40.4,4.23,42.8,5.33,43.1,7.57,45.1,10.01,46.4,11.28,48.4,17.83,54.1,24.74,53.5,27.83,55.9,22/47 (47%),22/47 (47%),22/47 (47%),23/47 (49%),23/46 (50%),25/45 (56%),26/45 (58%),26/45 (58%),25/45 (56%),26/45 (58%),26/45 (58%),29/45 (64%),31/45 (69%),33/45 (73%),33/45 (73%),32/45 (71%),30/45 (67%),30/45 (67%),35/45 (78%),35/45 (78%),35/45 (78%),45/45 (100%),45/45 (100%),45/45 (100%)
RTVC,2026-10-07,3.68,44.55551327020615,23.4 - 44.6,3.75,False,هبوط>=15% من القمة + تحت متوسط50,0.17,29.1,0.14,28.9,0.39,32.1,0.65,32.2,0.81,32.8,0.92,34.5,1.37,36.2,1.63,36.1,1.81,36.8,2.04,38.0,2.45,37.6,2.87,39.7,3.18,39.6,4.18,42.9,4.33,42.0,4.91,43.7,6.84,45.1,9.17,47.2,11.63,49.7,13.04,51.7,16.34,54.0,24.61,61.8,33.25,65.5,40.86,69.8,5/7 (71%),5/7 (71%),4/6 (67%),3/6 (50%),2/6 (33%),3/6 (50%),3/6 (50%),2/6 (33%),1/6 (17%),1/6 (17%),1/6 (17%),0/6 (0%),1/6 (17%),2/6 (33%),1/6 (17%),1/6 (17%),1/6 (17%),1/6 (17%),3/6 (50%),3/6 (50%),2/6 (33%),4/6 (67%),3/6 (50%),4/6 (67%)
RUBX,2026-10-07,18.01,65.87708643593268,50.2 - 77.0,15.12,True,ممتد - خطر مطاردة,0.65,37.2,0.36,39.8,0.49,39.2,1.01,34.5,2.01,40.6,0.46,33.5,1.61,36.1,3.38,31.9,-1.44,28.0,-0.11,35.5,-0.33,33.7,0.12,34.2,0.75,34.5,0.98,30.2,2.31,26.0,0.87,28.8,6.67,30.3,3.04,32.2,3.42,33.5,0.62,32.2,3.11,31.6,4.59,38.7,10.14,40.9,16.14,44.4,2/2 (100%),2/2 (100%),1/1 (100%),1/1 (100%),0/1 (0%),1/1 (100%),1/1 (100%),0/1 (0%),0/1 (0%),0/1 (0%),0/1 (0%),0/1 (0%),0/1 (0%),0/1 (0%),0/1 (0%),0/1 (0%),0/1 (0%),0/1 (0%),0/1 (0%),0/1 (0%),0/1 (0%),0/1 (0%),0/1 (0%),1/1 (100%)
SAIB,2026-09-15,3.03,76.53089491001153,59.7 - 76.5,2.66,True,ممتد - خطر مطاردة,17.8,90.8,-0.73,3.0,1.44,6.0,2.18,9.8,2.23,11.1,4.37,17.8,10.42,22.4,2.69,25.2,8.08,21.6,13.63,28.7,14.35,22.2,18.89,29.5,15.04,31.0,-8.82,32.7,-4.26,35.6,2.15,38.4,-11.94,27.8,20.38,21.6,-4.74,34.3,33.23,33.3,22.61,29.8,22.06,26.5,43.66,31.3,95.08,32.9,لا سوابق,لا سوابق,لا سوابق,لا سوابق,لا سوابق,لا سوابق,لا سوابق,لا سوابق,لا سوابق,لا سوابق,لا سوابق,لا سوابق,لا سوابق,لا سوابق,لا سوابق,لا سوابق,لا سوابق,لا سوابق,لا سوابق,لا سوابق,لا سوابق,لا سوابق,لا سوابق,لا سوابق
SAUD,2026-10-07,23.12,48.495414438400616,37.5 - 70.7,23.42,False,تحت متوسط50,0.08,27.5,0.12,25.9,0.3,24.5,0.36,28.8,0.73,29.0,0.91,28.6,1.48,29.3,1.69,29.1,1.87,29.8,2.29,32.8,2.44,31.4,3.01,35.4,3.46,34.1,4.15,37.0,4.23,36.4,4.41,36.7,6.38,38.6,8.5,40.2,10.14,45.4,12.14,47.2,15.26,48.1,22.97,53.1,29.54,57.5,35.02,61.8,15/35 (43%),17/35 (49%),17/34 (50%),17/33 (52%),16/33 (48%),16/33 (48%),18/33 (55%),19/33 (58%),18/33 (55%),18/33 (55%),19/33 (58%),19/33 (58%),20/33 (61%),22/33 (67%),22/33 (67%),21/33 (64%),24/33 (73%),24/33 (73%),26/33 (79%),25/33 (76%),28/33 (85%),22/29 (76%),22/28 (79%),23/28 (82%)
SCEM,2026-10-07,85.59,46.28547726591552,26.6 - 50.4,87.84,True,ممتد - خطر مطاردة + هبوط>=15% من القمة + تحت متوسط50,0.58,34.8,0.08,30.8,0.07,35.9,0.42,34.7,0.35,35.8,0.61,34.3,0.28,34.0,0.33,33.6,0.48,35.4,1.13,33.2,0.66,35.1,0.95,35.9,1.22,35.5,1.43,34.4,0.6,35.7,0.55,35.0,4.35,35.7,5.56,37.9,8.28,42.0,11.2,43.6,15.67,48.3,17.68,51.9,26.14,59.3,33.65,58.3,0/6 (0%),1/6 (17%),0/5 (0%),1/4 (25%),1/3 (33%),1/3 (33%),0/3 (0%),0/3 (0%),0/3 (0%),0/3 (0%),0/3 (0%),1/3 (33%),0/3 (0%),0/3 (0%),0/3 (0%),0/3 (0%),0/3 (0%),0/3 (0%),1/3 (33%),1/3 (33%),0/3 (0%),1/3 (33%),3/3 (100%),3/3 (100%)
SCFM,2026-10-07,248.65,38.25825965193951,24.6 - 48.3,259.68,False,هبوط>=15% من القمة + تحت متوسط50,0.11,31.1,0.11,30.6,0.35,31.3,0.47,32.7,0.73,33.1,0.81,34.7,1.3,36.0,1.54,39.7,1.68,40.8,2.01,39.4,2.19,39.3,2.52,38.5,3.11,36.0,3.48,39.3,3.75,44.1,4.15,43.5,4.7,42.9,7.1,47.3,10.5,48.8,11.06,49.0,13.15,53.2,19.74,55.8,30.79,61.4,36.16,66.3,2/9 (22%),4/9 (44%),2/8 (25%),2/7 (29%),2/6 (33%),2/6 (33%),2/6 (33%),2/6 (33%),2/6 (33%),2/6 (33%),2/6 (33%),2/4 (50%),2/4 (50%),2/4 (50%),2/4 (50%),2/4 (50%),2/4 (50%),2/4 (50%),3/4 (75%),4/4 (100%),3/4 (75%),1/2 (50%),2/2 (100%),2/2 (100%)
SCTS,2026-10-07,549.77,34.49886041091234,14.6 - 41.0,577.6,False,هبوط>=15% من القمة + تحت متوسط50,0.29,29.4,0.08,24.6,0.31,31.1,0.42,29.9,0.58,32.8,0.75,34.6,1.16,35.4,1.4,37.4,1.4,39.0,1.59,35.9,1.94,39.5,2.82,38.4,3.2,42.1,2.93,41.6,3.1,43.8,4.04,50.7,6.16,40.0,6.29,43.0,10.42,54.2,12.89,54.7,15.8,52.9,20.31,56.2,38.22,63.7,40.4,67.4,2/4 (50%),0/4 (0%),0/3 (0%),0/2 (0%),1/2 (50%),2/2 (100%),2/2 (100%),2/2 (100%),2/2 (100%),2/2 (100%),2/2 (100%),2/2 (100%),2/2 (100%),2/2 (100%),2/2 (100%),2/2 (100%),2/2 (100%),2/2 (100%),2/2 (100%),1/2 (50%),2/2 (100%),2/2 (100%),0/2 (0%),0/2 (0%)
SDTI,2026-10-07,87.0,73.01514000439118,67.3 - 80.4,79.88,False,زخم سعري,0.6,37.5,0.63,36.6,1.3,37.9,2.09,39.8,2.25,38.2,2.52,39.3,3.1,39.5,3.59,39.3,3.49,41.8,3.95,41.4,4.03,40.9,5.7,41.3,4.86,42.9,5.11,43.6,6.13,41.1,7.4,42.8,9.11,47.3,10.57,47.0,13.03,47.6,16.28,57.2,16.64,55.2,18.89,48.9,21.37,50.4,24.21,49.5,27/46 (59%),27/46 (59%),32/45 (71%),29/45 (64%),36/45 (80%),35/44 (80%),34/44 (77%),33/43 (77%),36/43 (84%),34/43 (79%),38/43 (88%),38/42 (90%),39/41 (95%),38/41 (93%),40/41 (98%),36/41 (88%),40/41 (98%),38/41 (93%),40/40 (100%),40/40 (100%),40/40 (100%),37/40 (92%),35/38 (92%),24/27 (89%)
SEIG,2026-10-07,232.72,46.09368907122927,31.0 - 52.6,234.33,False,هبوط>=15% من القمة + تحت متوسط50,-0.23,30.7,0.01,28.8,0.2,31.1,0.36,31.2,0.65,32.0,0.74,31.2,0.98,32.1,0.93,32.0,1.36,32.8,1.52,32.1,1.82,32.7,1.91,36.3,1.92,35.8,2.71,34.8,2.24,37.0,3.51,35.9,5.26,41.6,6.15,38.1,8.25,47.9,9.93,46.2,11.61,44.5,17.4,50.2,25.82,54.5,30.36,53.8,2/2 (100%),1/2 (50%),2/2 (100%),0/2 (0%),0/1 (0%),0/1 (0%),0/1 (0%),0/1 (0%),0/1 (0%),0/1 (0%),1/1 (100%),1/1 (100%),1/1 (100%),1/1 (100%),1/1 (100%),1/1 (100%),1/1 (100%),1/1 (100%),1/1 (100%),1/1 (100%),0/1 (0%),1/1 (100%),1/1 (100%),0/1 (0%)
SIPC,2026-10-07,6.2,63.899865039697055,32.7 - 63.9,5.49,True,ممتد - خطر مطاردة + سيولة عالية,0.56,39.6,-0.15,35.2,0.65,37.4,0.89,34.3,1.12,37.0,1.38,37.4,2.95,36.3,3.51,38.4,3.24,38.2,1.76,36.0,1.91,38.3,2.5,38.2,1.13,37.1,0.79,35.6,2.56,33.3,1.94,33.3,1.12,31.8,2.25,35.3,-1.08,40.2,1.45,36.4,3.1,36.5,1.96,37.6,7.11,40.8,14.87,48.1,لا سوابق,لا سوابق,لا سوابق,لا سوابق,لا سوابق,لا سوابق,لا سوابق,لا سوابق,لا سوابق,لا سوابق,لا سوابق,لا سوابق,لا سوابق,لا سوابق,لا سوابق,لا سوابق,لا سوابق,لا سوابق,لا سوابق,لا سوابق,لا سوابق,لا سوابق,لا سوابق,لا سوابق
SKPC,2026-10-07,16.19,37.72754672779457,28.7 - 60.8,17.2,False,هبوط>=15% من القمة + تحت متوسط50,0.29,29.2,0.16,30.2,0.38,34.4,0.53,35.1,0.8,37.3,0.82,35.4,1.17,34.5,1.42,37.0,1.53,37.2,1.74,39.2,1.92,36.6,2.64,40.0,2.97,41.4,3.5,44.6,3.75,43.0,4.77,44.4,6.86,44.9,8.56,47.4,11.09,47.2,12.48,52.3,15.29,53.4,22.95,58.5,35.98,65.3,36.73,67.7,13/24 (54%),13/24 (54%),12/23 (52%),14/22 (64%),13/21 (62%),13/21 (62%),14/21 (67%),16/21 (76%),15/21 (71%),14/21 (67%),13/21 (62%),14/21 (67%),14/21 (67%),15/21 (71%),13/21 (62%),14/21 (67%),16/21 (76%),12/21 (57%),19/21 (90%),20/21 (95%),19/21 (90%),13/14 (93%),12/13 (92%),13/13 (100%)
SMFR,2026-10-07,232.15,48.728148821457424,24.2 - 52.2,230.85,True,ممتد - خطر مطاردة + هبوط>=10% من القمة + تحت متوسط50,0.12,30.4,0.06,27.9,0.26,28.9,0.4,31.4,0.73,32.2,0.69,32.5,1.11,34.5,1.33,36.4,1.55,35.0,1.79,37.3,2.12,37.1,1.84,37.3,3.08,37.9,3.03,36.9,3.35,40.7,4.13,38.2,6.2,40.9,7.63,42.6,10.12,46.6,11.47,47.8,12.71,47.2,21.13,55.1,28.57,57.0,33.45,61.2,2/8 (25%),2/8 (25%),5/7 (71%),4/7 (57%),3/6 (50%),2/6 (33%),3/6 (50%),3/6 (50%),3/6 (50%),3/6 (50%),3/6 (50%),3/6 (50%),4/6 (67%),4/6 (67%),4/6 (67%),4/6 (67%),4/6 (67%),4/6 (67%),4/6 (67%),3/6 (50%),4/6 (67%),4/6 (67%),4/6 (67%),4/6 (67%)
SMPP,2026-09-30,100.0,42.34921632754545,42.3 - 56.3,115.82,False,هبوط>=15% من القمة + تحت متوسط50 + سيولة عالية,-2.18,19.7,3.5,39.6,3.02,45.8,2.97,45.9,2.99,52.3,2.39,47.8,4.12,45.4,14.32,40.6,12.57,36.0,5.7,37.7,20.52,38.3,12.28,40.7,5.97,32.9,8.19,34.6,9.36,41.4,12.93,41.0,19.47,45.6,12.93,51.4,10.52,44.8,9.57,47.5,14.68,44.7,15.56,46.2,37.23,43.7,15.9,53.1,لا سوابق,لا سوابق,لا سوابق,لا سوابق,لا سوابق,لا سوابق,لا سوابق,لا سوابق,لا سوابق,لا سوابق,لا سوابق,لا سوابق,لا سوابق,لا سوابق,لا سوابق,لا سوابق,لا سوابق,لا سوابق,لا سوابق,لا سوابق,لا سوابق,لا سوابق,لا سوابق,لا سوابق
SNFC,2026-10-07,11.64,63.66479016770613,57.5 - 66.7,11.34,False,زخم سعري,0.46,27.8,0.3,24.9,0.46,31.5,0.67,29.3,0.87,32.2,1.14,36.7,1.5,35.3,1.71,36.1,2.09,37.1,2.24,40.4,2.62,39.4,3.03,41.9,4.04,44.3,5.23,42.9,5.71,45.9,5.95,46.3,7.51,49.5,8.44,48.1,10.06,49.1,13.27,52.9,17.04,56.9,21.11,61.4,24.31,63.9,32.05,63.6,27/46 (59%),25/46 (54%),28/45 (62%),27/44 (61%),28/43 (65%),29/42 (69%),28/42 (67%),28/41 (68%),25/40 (62%),24/40 (60%),25/39 (64%),24/37 (65%),21/35 (60%),23/35 (66%),21/34 (62%),24/34 (71%),27/34 (79%),26/34 (76%),26/34 (76%),27/34 (79%),27/34 (79%),27/34 (79%),28/30 (93%),28/29 (97%)
SNFI,2026-10-07,10.73,48.57747359539593,41.2 - 54.4,10.91,False,هبوط>=15% من القمة + تحت متوسط50 + سيولة عالية,-0.2,27.7,0.25,33.0,0.26,29.8,0.28,31.1,0.39,33.2,0.63,31.8,0.11,31.2,0.72,32.1,0.65,32.3,0.73,32.8,0.3,33.2,0.82,34.0,1.42,35.3,1.8,35.1,3.17,35.2,3.99,33.3,6.78,35.2,5.61,37.0,7.35,41.0,10.23,41.3,10.55,40.5,15.37,47.8,21.73,52.9,29.01,51.8,4/21 (19%),5/21 (24%),6/21 (29%),5/21 (24%),4/20 (20%),4/20 (20%),3/20 (15%),6/20 (30%),7/20 (35%),8/19 (42%),8/19 (42%),8/19 (42%),9/19 (47%),10/19 (53%),9/19 (47%),9/19 (47%),8/18 (44%),8/17 (47%),12/16 (75%),9/16 (56%),9/16 (56%),13/16 (81%),9/13 (69%),13/13 (100%)
SPHT,2026-10-04,1.15,38.33401679600576,28.1 - 53.1,1.7,False,هبوط>=15% من القمة + تحت متوسط50,-6.46,10.5,36.1,49.1,47.67,61.7,51.45,63.4,26.83,57.7,26.74,58.2,37.14,71.0,27.44,59.9,23.31,69.3,20.59,65.8,31.62,72.4,25.22,64.4,33.42,71.1,35.03,59.1,28.69,61.1,40.73,58.3,35.83,53.4,40.5,60.8,23.64,53.0,31.89,56.4,49.29,58.0,45.08,55.2,41.84,46.1,88.23,58.3,0/1 (0%),0/1 (0%),لا سوابق,لا سوابق,لا سوابق,لا سوابق,لا سوابق,لا سوابق,لا سوابق,لا سوابق,لا سوابق,لا سوابق,لا سوابق,لا سوابق,لا سوابق,لا سوابق,لا سوابق,لا سوابق,لا سوابق,لا سوابق,لا سوابق,لا سوابق,لا سوابق,لا سوابق
SPIN,2026-10-07,16.31,40.70032436386023,33.0 - 47.1,17.04,False,هبوط>=15% من القمة + تحت متوسط50,0.41,31.2,0.17,30.7,0.36,32.5,0.6,36.1,0.88,37.7,0.9,39.4,1.45,39.9,1.66,39.5,1.78,36.8,1.75,35.7,2.01,36.7,2.74,39.3,3.03,39.7,3.36,38.6,4.0,38.6,4.29,39.9,5.37,40.3,6.47,41.6,10.0,46.7,11.99,49.2,14.33,49.4,19.98,53.7,30.61,56.0,32.62,62.7,13/33 (39%),13/33 (39%),17/32 (53%),19/32 (59%),19/32 (59%),19/31 (61%),22/30 (73%),25/30 (83%),24/30 (80%),22/30 (73%),21/29 (72%),20/27 (74%),20/27 (74%),22/27 (81%),24/27 (89%),23/27 (85%),24/27 (89%),27/27 (100%),27/27 (100%),27/27 (100%),26/27 (96%),27/27 (100%),27/27 (100%),27/27 (100%)
SPMD,2026-10-07,0.39,40.54223037785428,36.4 - 45.6,0.42,False,هبوط>=15% من القمة + تحت متوسط50,-0.06,25.2,0.49,34.1,0.48,32.5,0.98,30.5,0.61,34.2,0.76,31.6,1.72,33.5,0.93,32.9,1.46,31.2,1.58,31.3,1.32,35.3,0.98,29.1,1.02,28.9,0.71,31.4,0.76,31.2,1.72,31.2,2.44,37.5,4.83,37.9,6.22,40.4,6.6,40.4,5.23,44.2,12.67,46.1,17.06,50.5,22.26,57.1,2/7 (29%),2/7 (29%),2/6 (33%),3/5 (60%),3/4 (75%),3/4 (75%),3/4 (75%),3/4 (75%),3/4 (75%),3/4 (75%),4/4 (100%),4/4 (100%),4/4 (100%),4/4 (100%),4/4 (100%),4/4 (100%),4/4 (100%),4/4 (100%),3/4 (75%),4/4 (100%),4/4 (100%),4/4 (100%),2/4 (50%),2/4 (50%)
SUCE,2026-10-07,154.8,88.33523586084802,70.3 - 98.7,73.87,True,ممتد - خطر مطاردة,1.14,50.9,-1.89,31.8,-2.28,28.4,5.77,26.9,6.01,25.3,3.53,28.4,0.68,31.0,-6.59,29.7,5.68,29.7,0.7,24.4,25.73,23.6,12.44,19.3,-12.15,18.2,9.62,18.7,-10.44,14.9,-12.83,18.7,-6.25,15.8,8.67,14.7,-13.33,22.9,-4.05,20.8,6.01,31.1,0.57,49.1,-8.87,45.7,-0.49,38.6,لا سوابق,لا سوابق,لا سوابق,لا سوابق,لا سوابق,لا سوابق,لا سوابق,لا سوابق,لا سوابق,لا سوابق,لا سوابق,لا سوابق,لا سوابق,لا سوابق,لا سوابق,لا سوابق,لا سوابق,لا سوابق,لا سوابق,لا سوابق,لا سوابق,لا سوابق,لا سوابق,لا سوابق
SUGR,2026-10-07,55.76,49.25980562957942,35.8 - 57.0,57.38,False,هبوط>=10% من القمة,0.23,30.6,0.13,28.8,0.42,30.3,0.62,31.6,0.88,31.0,1.11,34.0,1.57,34.5,2.09,33.0,2.17,34.6,2.29,34.9,2.8,36.0,3.44,36.9,4.13,36.9,4.7,37.5,5.38,39.5,5.7,40.5,8.11,42.0,11.94,44.3,13.73,49.8,15.73,51.9,16.44,51.5,23.0,53.8,29.01,56.7,33.17,60.5,5/10 (50%),5/10 (50%),3/9 (33%),4/9 (44%),4/9 (44%),4/9 (44%),4/9 (44%),6/9 (67%),6/9 (67%),6/9 (67%),6/9 (67%),8/9 (89%),6/9 (67%),8/9 (89%),9/9 (100%),8/9 (89%),9/9 (100%),9/9 (100%),6/9 (67%),4/9 (44%),5/9 (56%),4/9 (44%),4/9 (44%),4/9 (44%)
SVCE,2026-10-07,10.4,44.31911660250797,30.1 - 56.7,10.99,False,هبوط>=15% من القمة + تحت متوسط50,0.59,34.2,0.13,30.5,0.27,35.2,0.58,37.0,0.57,34.6,0.75,35.7,0.79,36.1,1.26,34.5,1.34,34.1,1.46,35.8,1.56,36.7,1.8,36.6,1.89,37.8,2.3,38.4,2.04,40.0,4.05,40.4,6.08,40.2,6.06,41.4,8.81,45.7,12.3,43.8,14.4,46.4,18.57,50.8,25.68,55.1,33.69,56.9,4/9 (44%),4/9 (44%),2/8 (25%),3/7 (43%),3/7 (43%),3/7 (43%),4/7 (57%),5/7 (71%),5/7 (71%),6/7 (86%),6/7 (86%),6/7 (86%),4/7 (57%),5/7 (71%),7/7 (100%),6/7 (86%),6/7 (86%),6/7 (86%),6/7 (86%),7/7 (100%),7/7 (100%),7/7 (100%),7/7 (100%),6/7 (86%)
SWDY,2026-10-07,116.0,45.55693279914293,27.6 - 58.0,120.52,True,ممتد - خطر مطاردة + هبوط>=15% من القمة + تحت متوسط50,0.21,32.0,0.09,28.7,0.11,32.8,0.35,32.6,0.58,33.3,0.65,33.3,0.87,32.8,1.08,33.5,1.35,32.1,1.57,34.1,1.83,34.0,1.57,34.5,1.3,34.4,2.06,34.1,1.68,35.5,2.29,35.8,4.55,36.5,6.46,38.6,8.64,45.1,9.14,42.9,13.51,41.0,15.82,48.9,24.95,56.7,29.77,54.3,1/2 (50%),1/2 (50%),1/1 (100%),1/1 (100%),1/1 (100%),1/1 (100%),1/1 (100%),1/1 (100%),1/1 (100%),1/1 (100%),1/1 (100%),1/1 (100%),1/1 (100%),1/1 (100%),1/1 (100%),1/1 (100%),1/1 (100%),1/1 (100%),1/1 (100%),1/1 (100%),1/1 (100%),1/1 (100%),1/1 (100%),1/1 (100%)
TALM,2026-10-07,21.71,60.50741307468867,44.1 - 62.2,20.84,True,ممتد - خطر مطاردة,0.35,33.1,0.05,32.8,0.38,33.3,0.68,34.1,0.97,33.4,1.3,33.1,1.74,34.6,1.6,34.7,2.06,37.0,1.34,39.1,2.69,37.0,2.34,36.0,2.87,36.8,2.93,36.2,4.83,37.3,4.86,37.9,6.16,39.7,6.94,40.9,10.26,44.8,13.33,44.6,16.72,45.3,19.99,49.2,23.75,52.7,28.36,56.1,1/5 (20%),1/5 (20%),1/4 (25%),1/3 (33%),1/3 (33%),2/3 (67%),2/3 (67%),1/3 (33%),1/3 (33%),2/3 (67%),2/3 (67%),2/3 (67%),1/2 (50%),1/2 (50%),1/2 (50%),1/2 (50%),1/2 (50%),2/2 (100%),2/2 (100%),2/2 (100%),2/2 (100%),2/2 (100%),2/2 (100%),2/2 (100%)
TANM,2026-10-07,6.55,46.67935542211757,46.7 - 62.9,7.06,False,هبوط>=10% من القمة,-0.73,25.6,0.27,32.8,0.22,31.3,0.1,31.9,0.24,31.7,0.49,30.0,-0.04,30.5,0.16,30.4,0.81,30.1,1.08,28.9,1.17,30.5,1.58,33.4,1.91,33.5,2.97,35.1,3.11,33.8,4.48,34.7,5.11,35.1,8.53,37.3,10.12,38.9,10.05,40.8,11.66,41.1,16.57,43.8,23.92,47.3,30.39,52.6,39/92 (42%),45/92 (49%),48/91 (53%),45/90 (50%),44/90 (49%),49/90 (54%),52/90 (58%),53/90 (59%),50/90 (56%),48/90 (53%),50/90 (56%),48/90 (53%),54/90 (60%),48/90 (53%),50/90 (56%),53/90 (59%),47/90 (52%),49/90 (54%),48/89 (54%),45/89 (51%),62/89 (70%),70/85 (82%),67/83 (81%),71/83 (86%)
TAQA,2026-10-07,17.1,57.690173793386485,39.9 - 66.4,16.29,False,زخم سعري,0.55,33.7,0.2,30.9,0.55,32.9,0.86,33.9,1.13,36.5,1.47,37.1,1.98,37.2,2.17,38.4,2.26,39.5,2.75,40.1,3.1,39.3,3.78,41.0,4.4,41.4,5.02,40.8,5.37,41.9,5.88,43.4,7.34,43.7,8.36,45.5,12.06,50.7,12.81,50.8,17.12,51.0,19.56,53.1,24.33,56.4,29.99,59.2,19/44 (43%),19/44 (43%),23/43 (53%),25/43 (58%),22/43 (51%),21/42 (50%),21/42 (50%),19/42 (45%),16/42 (38%),14/42 (33%),18/42 (43%),19/41 (46%),16/41 (39%),23/41 (56%),26/41 (63%),24/41 (59%),26/41 (63%),30/40 (75%),25/34 (74%),21/31 (68%),19/31 (61%),23/31 (74%),21/27 (78%),23/25 (92%)
TMGH,2026-10-07,87.89,29.78414718971746,21.6 - 38.8,92.08,False,RSI<30 + هبوط>=10% من القمة + تحت متوسط50,0.25,21.5,0.09,20.1,0.19,31.5,0.28,31.3,0.26,32.0,0.47,31.6,0.34,28.8,0.59,30.2,0.52,28.7,0.64,27.7,0.79,28.5,1.37,34.8,1.91,35.4,2.26,38.6,2.98,46.1,3.35,45.5,6.24,42.5,8.74,41.6,9.85,46.1,12.0,48.7,14.24,52.6,21.52,60.4,28.65,68.0,29.28,68.2,1/4 (25%),1/4 (25%),0/3 (0%),0/2 (0%),0/1 (0%),0/1 (0%),0/1 (0%),0/1 (0%),0/1 (0%),0/1 (0%),0/1 (0%),لا سوابق,لا سوابق,لا سوابق,لا سوابق,لا سوابق,لا سوابق,لا سوابق,لا سوابق,لا سوابق,لا سوابق,لا سوابق,لا سوابق,لا سوابق
TORA,2026-10-07,63.02,45.14358236534365,35.4 - 52.0,65.37,False,هبوط>=15% من القمة + تحت متوسط50,-0.71,28.0,0.04,27.9,0.19,30.0,0.25,32.0,0.1,29.9,0.68,30.0,0.93,31.9,1.33,30.8,1.29,32.0,1.4,33.2,1.33,31.9,1.74,31.9,2.32,31.0,1.82,31.7,2.54,33.3,2.62,34.4,4.15,37.2,5.85,37.9,7.6,42.4,10.15,42.2,14.11,42.6,17.66,47.3,25.03,54.1,31.57,55.1,2/8 (25%),2/8 (25%),2/8 (25%),2/8 (25%),2/8 (25%),3/8 (38%),3/8 (38%),3/8 (38%),3/8 (38%),3/8 (38%),3/8 (38%),3/8 (38%),3/7 (43%),3/6 (50%),2/5 (40%),3/5 (60%),2/5 (40%),2/5 (40%),3/5 (60%),3/5 (60%),3/4 (75%),3/4 (75%),4/4 (100%),4/4 (100%)
TOUR,2017-05-03,6.85,79.25527122542564,79.3 - 79.3,6.85,True,ممتد - خطر مطاردة,0.32,1.0,0.06,0.6,0.05,1.8,-0.06,1.9,-0.28,2.1,0.21,2.9,0.11,7.1,0.33,4.5,-0.25,5.8,-0.3,4.8,-0.49,7.2,0.34,8.0,0.23,12.4,0.25,17.3,1.77,18.7,0.61,9.8,1.31,12.7,2.24,13.8,1.84,17.1,2.47,24.8,2.69,34.7,5.26,30.4,10.97,11.4,13.05,16.6,0/3 (0%),0/3 (0%),0/3 (0%),0/3 (0%),0/3 (0%),0/3 (0%),1/3 (33%),2/3 (67%),2/3 (67%),2/3 (67%),2/3 (67%),3/3 (100%),3/3 (100%),3/3 (100%),3/3 (100%),3/3 (100%),3/3 (100%),3/3 (100%),3/3 (100%),3/3 (100%),3/3 (100%),0/3 (0%),0/3 (0%),0/3 (0%)
TRTO,2026-10-07,0.07,62.93729687290968,43.9 - 62.9,0.06,True,ممتد - خطر مطاردة + هبوط>=10% من القمة,0.16,31.0,-0.34,26.8,-0.27,30.0,-0.25,31.2,-0.03,33.2,0.22,30.1,0.82,31.4,0.81,29.9,0.89,27.4,0.99,29.5,-0.22,29.5,-0.1,27.8,-0.94,28.9,1.48,30.5,-0.41,29.1,0.16,31.3,5.3,33.7,-0.75,33.2,-1.64,34.2,0.65,29.5,0.17,34.2,6.94,35.3,7.16,40.2,14.13,35.7,2/3 (67%),2/3 (67%),1/2 (50%),1/2 (50%),1/2 (50%),1/2 (50%),1/2 (50%),0/2 (0%),0/2 (0%),0/2 (0%),0/2 (0%),0/2 (0%),0/2 (0%),0/2 (0%),0/2 (0%),0/2 (0%),0/1 (0%),0/1 (0%),0/1 (0%),0/1 (0%),0/1 (0%),0/1 (0%),0/1 (0%),0/1 (0%)
TWSA,2026-10-07,8.62,68.88021308360287,39.0 - 68.9,7.33,True,ممتد - خطر مطاردة + سيولة عالية,3.96,58.2,3.58,57.6,3.68,54.3,3.12,52.4,6.06,50.1,5.01,52.3,5.11,51.0,4.41,46.5,4.99,48.2,5.3,48.2,6.84,44.4,4.89,45.3,6.89,43.3,6.45,45.8,12.81,43.1,10.95,42.4,13.86,43.6,9.84,44.5,10.76,43.4,7.47,41.6,9.83,44.1,14.87,46.9,17.19,50.7,20.59,51.4,لا سوابق,لا سوابق,لا سوابق,لا سوابق,لا سوابق,لا سوابق,لا سوابق,لا سوابق,لا سوابق,لا سوابق,لا سوابق,لا سوابق,لا سوابق,لا سوابق,لا سوابق,لا سوابق,لا سوابق,لا سوابق,لا سوابق,لا سوابق,لا سوابق,لا سوابق,لا سوابق,لا سوابق
TYCN,2026-10-07,12.84,41.964033965782285,25.5 - 47.3,13.27,False,هبوط>=15% من القمة + تحت متوسط50,-0.31,30.4,0.16,32.0,0.13,33.3,0.4,37.6,0.53,31.5,0.7,32.4,0.88,32.5,1.23,33.7,0.75,35.6,0.89,35.5,1.81,35.3,1.03,34.4,4.49,35.0,5.28,33.8,2.98,35.2,8.39,38.0,1.54,39.1,5.46,42.7,7.62,45.0,10.57,46.6,13.87,48.0,14.72,50.9,16.58,53.4,21.21,56.0,6/13 (46%),6/13 (46%),2/12 (17%),2/12 (17%),2/12 (17%),1/11 (9%),1/11 (9%),1/10 (10%),0/10 (0%),0/10 (0%),0/10 (0%),0/9 (0%),0/9 (0%),0/9 (0%),0/9 (0%),0/8 (0%),0/3 (0%),لا سوابق,لا سوابق,لا سوابق,لا سوابق,لا سوابق,لا سوابق,لا سوابق
UBEE,2026-10-07,16.1,56.90313645110581,46.1 - 61.4,16.02,False,هبوط>=10% من القمة,0.24,28.3,0.11,24.9,0.43,27.6,0.5,29.2,1.08,31.7,1.22,32.9,1.65,33.4,2.12,34.1,2.29,35.6,2.55,34.0,2.89,36.3,3.76,37.6,3.98,36.0,4.93,38.6,5.68,40.4,5.98,40.2,11.06,44.7,11.48,46.4,14.75,50.6,17.21,52.9,19.25,52.2,23.65,57.0,30.3,58.4,33.0,61.3,2/5 (40%),2/5 (40%),2/5 (40%),2/4 (50%),1/3 (33%),1/2 (50%),0/2 (0%),0/2 (0%),1/2 (50%),1/2 (50%),1/2 (50%),0/2 (0%),0/2 (0%),0/2 (0%),0/2 (0%),0/2 (0%),0/2 (0%),0/2 (0%),0/2 (0%),0/2 (0%),0/2 (0%),0/2 (0%),0/2 (0%),0/2 (0%)
UEFM,2026-10-07,520.0,53.839549946088354,19.1 - 53.8,499.33,False,تحت متوسط50 + سيولة عالية,0.18,34.5,0.27,30.9,0.45,27.1,0.67,28.5,0.83,26.6,0.98,28.3,1.58,30.0,1.55,28.9,1.76,29.9,1.94,31.2,2.56,32.7,2.92,33.9,2.34,33.4,3.93,35.1,4.47,35.9,4.08,37.8,5.48,38.8,6.3,42.3,7.76,44.7,9.81,42.0,13.85,41.6,18.74,53.6,25.61,61.9,29.65,61.2,40/50 (80%),17/50 (34%),13/50 (26%),18/50 (36%),16/50 (32%),20/50 (40%),20/50 (40%),17/50 (34%),22/50 (44%),26/50 (52%),27/50 (54%),27/50 (54%),23/50 (46%),27/50 (54%),28/50 (56%),28/50 (56%),30/50 (60%),26/50 (52%),37/50 (74%),40/50 (80%),42/50 (84%),45/50 (90%),48/50 (96%),50/50 (100%)
UEGC,2026-10-07,1.55,38.575049232707165,25.4 - 42.7,1.63,False,هبوط>=15% من القمة + تحت متوسط50,0.16,32.4,-0.05,28.6,-0.16,33.6,0.02,30.7,0.25,32.1,0.71,31.7,0.28,37.1,1.25,34.0,1.31,31.5,1.67,36.7,1.9,34.0,1.76,34.9,1.87,37.2,1.96,37.3,1.5,37.4,1.76,34.8,2.17,40.0,3.88,42.9,6.0,45.4,9.14,47.8,9.3,43.3,15.51,47.8,42.21,48.3,43.79,48.0,5/9 (56%),4/9 (44%),6/9 (67%),4/9 (44%),5/9 (56%),5/9 (56%),6/9 (67%),6/9 (67%),6/9 (67%),6/9 (67%),6/9 (67%),6/9 (67%),7/9 (78%),7/9 (78%),4/9 (44%),6/9 (67%),6/9 (67%),6/9 (67%),8/9 (89%),8/9 (89%),4/9 (44%),4/9 (44%),3/9 (33%),4/9 (44%)
UNIP,2026-10-07,0.36,47.43606890214746,28.4 - 51.4,0.36,False,هبوط>=10% من القمة + تحت متوسط50,0.14,29.3,0.12,27.6,0.34,29.6,0.6,31.7,0.77,32.7,0.81,31.5,1.26,34.4,1.47,35.0,1.38,35.5,1.62,36.5,1.8,35.6,1.9,37.0,2.93,38.4,2.9,38.9,2.71,39.9,3.47,39.9,6.13,41.9,7.84,42.4,10.32,45.9,12.15,46.7,14.77,47.5,21.95,55.5,28.8,55.9,33.36,59.8,4/12 (33%),4/12 (33%),5/12 (42%),4/12 (33%),4/11 (36%),5/11 (45%),5/11 (45%),4/11 (36%),4/11 (36%),3/11 (27%),3/11 (27%),4/11 (36%),3/11 (27%),2/11 (18%),2/11 (18%),2/11 (18%),0/11 (0%),0/10 (0%),0/10 (0%),0/10 (0%),0/10 (0%),0/10 (0%),0/10 (0%),0/10 (0%)
UNIT,2026-10-07,17.71,46.42052652782944,38.6 - 48.0,18.24,False,هبوط>=15% من القمة + تحت متوسط50 + سيولة عالية,-0.11,26.9,0.29,32.8,0.23,33.1,-0.07,29.8,0.21,30.3,0.51,28.7,-0.65,28.6,-0.3,27.5,-0.47,27.5,0.26,26.5,-0.08,28.6,-0.04,28.7,0.15,30.5,1.1,31.7,1.69,33.3,2.44,28.5,3.93,33.2,2.63,33.5,6.51,36.0,8.07,38.8,10.64,40.6,13.85,45.4,21.45,49.3,28.72,47.3,21/46 (46%),21/46 (46%),18/45 (40%),20/44 (45%),16/43 (37%),17/43 (40%),14/43 (33%),14/43 (33%),17/43 (40%),20/43 (47%),18/43 (42%),9/43 (21%),11/42 (26%),10/41 (24%),14/41 (34%),16/41 (39%),22/41 (54%),25/41 (61%),31/41 (76%),32/41 (78%),36/41 (88%),36/41 (88%),33/41 (80%),41/41 (100%)
UPMS,2026-10-07,10.7,52.69124876548712,25.1 - 52.7,10.33,False,هبوط>=15% من القمة + تحت متوسط50,0.3,30.7,0.16,29.0,0.39,28.8,0.64,30.9,0.8,31.9,0.94,35.5,1.31,35.2,1.63,35.8,1.64,36.2,2.19,39.6,2.34,38.5,3.36,39.6,3.86,41.8,4.62,42.5,5.41,43.6,6.35,45.4,7.45,46.2,8.78,49.6,10.1,48.4,12.4,48.4,15.46,52.0,23.84,56.1,30.11,60.8,35.21,62.4,10/22 (45%),7/22 (32%),6/22 (27%),5/21 (24%),6/21 (29%),8/21 (38%),6/21 (29%),6/21 (29%),6/21 (29%),6/21 (29%),8/21 (38%),9/21 (43%),8/21 (38%),9/21 (43%),11/21 (52%),10/21 (48%),12/21 (57%),14/21 (67%),16/21 (76%),13/21 (62%),14/21 (67%),19/21 (90%),21/21 (100%),21/21 (100%)
UTOP,2026-10-07,101.5,44.86532111331609,37.1 - 56.7,105.89,False,هبوط>=15% من القمة + تحت متوسط50,0.03,30.9,0.06,29.5,0.1,33.3,0.19,31.3,0.13,32.1,0.19,33.2,0.27,32.2,0.42,32.5,0.45,29.3,0.62,32.5,0.19,28.5,-0.07,31.7,0.8,30.6,1.37,31.6,0.59,33.2,2.15,35.5,4.24,42.0,7.14,47.1,14.62,51.9,12.96,57.1,16.64,56.8,23.04,58.1,25.51,61.8,30.15,61.4,2/5 (40%),1/5 (20%),0/5 (0%),0/4 (0%),1/3 (33%),0/3 (0%),0/3 (0%),0/3 (0%),0/3 (0%),0/3 (0%),0/3 (0%),0/2 (0%),0/2 (0%),0/2 (0%),0/2 (0%),0/2 (0%),0/2 (0%),0/2 (0%),0/2 (0%),0/2 (0%),1/2 (50%),2/2 (100%),2/2 (100%),لا سوابق
VALU,2026-10-07,11.24,55.475409394256,31.1 - 60.0,10.77,False,هبوط>=10% من القمة,0.36,30.3,0.21,27.9,0.45,30.2,0.7,31.8,0.99,33.1,1.2,33.9,1.85,35.9,2.12,36.9,2.38,38.4,2.88,40.3,3.45,40.5,4.23,42.0,5.08,42.5,5.59,44.0,6.33,45.3,6.53,43.4,8.29,44.9,9.01,48.2,11.98,48.4,12.42,50.7,15.7,54.1,23.69,58.9,28.98,61.8,34.69,63.7,1/1 (100%),1/1 (100%),1/1 (100%),لا سوابق,لا سوابق,لا سوابق,لا سوابق,لا سوابق,لا سوابق,لا سوابق,لا سوابق,لا سوابق,لا سوابق,لا سوابق,لا سوابق,لا سوابق,لا سوابق,لا سوابق,لا سوابق,لا سوابق,لا سوابق,لا سوابق,لا سوابق,لا سوابق
VERT,2026-10-07,6.07,48.58527128447398,34.0 - 48.6,5.94,False,هبوط>=15% من القمة + تحت متوسط50,0.07,30.9,0.2,29.5,0.38,26.9,0.31,29.3,0.21,29.4,0.78,31.2,0.32,31.0,-0.02,29.5,1.19,31.2,1.1,32.5,0.33,31.6,-0.1,29.1,-0.2,31.2,1.25,31.9,1.68,33.0,1.54,34.4,2.07,36.5,2.57,39.0,5.47,43.9,8.64,45.3,9.99,44.4,16.12,50.1,24.13,51.4,28.99,57.5,1/4 (25%),1/4 (25%),1/4 (25%),2/4 (50%),2/4 (50%),3/4 (75%),2/4 (50%),1/4 (25%),1/4 (25%),2/4 (50%),3/4 (75%),2/4 (50%),1/4 (25%),1/4 (25%),3/4 (75%),3/4 (75%),4/4 (100%),4/4 (100%),4/4 (100%),4/4 (100%),4/4 (100%),4/4 (100%),4/4 (100%),4/4 (100%)
VLMR,2026-10-07,0.67,45.41025967388409,25.2 - 53.8,0.66,False,تحت متوسط50,0.14,10.5,0.09,11.0,0.21,10.2,0.34,12.7,0.32,11.6,0.49,11.8,0.3,15.0,0.49,11.1,0.69,11.6,0.77,10.8,0.97,14.1,1.11,15.6,0.86,10.4,1.26,14.2,1.13,11.6,1.48,15.5,2.18,16.1,2.88,13.6,3.62,14.8,3.93,20.5,5.41,11.7,6.91,10.6,10.18,15.6,10.23,16.5,45/78 (58%),41/78 (53%),41/78 (53%),46/78 (59%),44/78 (56%),43/77 (56%),41/77 (53%),40/77 (52%),41/77 (53%),41/77 (53%),40/77 (52%),37/77 (48%),35/77 (45%),31/77 (40%),32/77 (42%),32/77 (42%),31/75 (41%),32/75 (43%),23/75 (31%),20/75 (27%),19/74 (26%),6/72 (8%),6/67 (9%),0/66 (0%)
VLMRA,2026-10-07,28.62,38.13351434899865,30.5 - 60.6,30.4,False,هبوط>=15% من القمة + تحت متوسط50 + سيولة عالية,0.22,30.5,0.2,31.5,0.46,35.0,0.68,35.0,1.0,38.5,0.95,41.9,1.69,38.6,1.76,41.1,1.84,40.9,2.07,41.3,2.39,40.9,2.94,42.4,3.58,46.1,3.94,47.3,4.6,47.7,5.18,48.1,6.67,48.2,8.94,50.9,11.02,50.9,13.05,50.6,15.03,52.4,23.47,60.0,31.39,67.4,36.28,66.8,6/14 (43%),6/14 (43%),5/13 (38%),5/13 (38%),6/13 (46%),5/13 (38%),4/13 (31%),2/13 (15%),5/13 (38%),4/13 (31%),4/13 (31%),5/13 (38%),5/13 (38%),6/13 (46%),8/13 (62%),6/13 (46%),6/13 (46%),7/13 (54%),10/13 (77%),12/13 (92%),13/13 (100%),11/11 (100%),11/11 (100%),11/11 (100%)
WATP,2026-09-28,22.0,38.9393286151481,24.1 - 48.8,24.51,False,هبوط>=15% من القمة + تحت متوسط50,1.27,22.7,2.79,39.4,2.91,39.7,2.72,40.8,1.89,46.3,2.5,49.3,6.68,44.3,2.98,40.8,4.37,47.4,5.26,45.1,3.74,42.7,4.42,49.0,11.39,45.5,9.12,52.4,5.19,48.0,14.04,41.7,21.36,52.0,33.46,50.6,33.39,53.8,39.52,54.7,63.91,66.7,62.0,55.8,45.29,59.3,33.55,60.1,0/1 (0%),0/1 (0%),0/1 (0%),0/1 (0%),0/1 (0%),لا سوابق,لا سوابق,لا سوابق,لا سوابق,لا سوابق,لا سوابق,لا سوابق,لا سوابق,لا سوابق,لا سوابق,لا سوابق,لا سوابق,لا سوابق,لا سوابق,لا سوابق,لا سوابق,لا سوابق,لا سوابق,لا سوابق
WCDF,2026-10-07,662.98,48.16009567838468,32.9 - 78.3,687.53,False,هبوط>=10% من القمة,0.11,28.2,0.14,27.2,0.36,29.8,0.52,30.6,0.83,31.6,1.02,32.7,1.35,31.5,1.68,32.0,2.1,33.4,2.41,35.7,3.55,35.7,3.3,37.2,3.81,36.4,4.21,37.2,5.18,39.9,5.36,40.1,7.03,39.3,8.37,41.6,12.11,46.4,13.51,49.4,15.98,49.6,20.08,50.9,25.43,54.7,32.26,57.7,42/70 (60%),38/70 (54%),36/69 (52%),37/68 (54%),38/68 (56%),40/68 (59%),41/68 (60%),42/68 (62%),41/68 (60%),40/68 (59%),44/68 (65%),48/68 (71%),44/68 (65%),48/68 (71%),54/68 (79%),53/68 (78%),58/68 (85%),61/68 (90%),58/68 (85%),61/68 (90%),62/66 (94%),63/66 (95%),64/66 (97%),66/66 (100%)
WKOL,2026-10-07,293.91,36.800554256810045,23.3 - 52.6,320.24,False,هبوط>=15% من القمة + تحت متوسط50,0.59,32.9,0.15,31.1,0.4,33.6,0.59,33.6,0.74,36.7,0.81,35.3,1.21,38.2,1.46,38.3,1.53,39.9,1.72,36.8,1.77,40.7,2.0,39.2,2.06,37.0,2.32,38.9,2.45,38.8,3.13,40.7,3.72,41.2,5.78,44.2,8.45,45.9,10.32,49.7,12.14,47.9,18.85,52.8,28.25,59.0,33.37,59.5,1/4 (25%),1/4 (25%),2/4 (50%),2/4 (50%),2/4 (50%),2/4 (50%),2/4 (50%),2/4 (50%),2/4 (50%),2/4 (50%),2/4 (50%),2/4 (50%),2/4 (50%),2/4 (50%),2/4 (50%),2/4 (50%),2/4 (50%),2/4 (50%),4/4 (100%),2/4 (50%),2/4 (50%),4/4 (100%),2/4 (50%),4/4 (100%)
ZEOT,2026-10-07,12.6,47.372737229558425,26.0 - 53.1,12.74,False,هبوط>=10% من القمة + تحت متوسط50,0.21,30.7,0.11,29.2,0.28,30.7,0.45,31.3,0.67,32.9,0.69,34.0,0.97,33.4,1.33,34.3,1.22,35.1,1.43,36.6,1.53,36.3,1.64,35.9,1.49,37.7,1.86,37.6,2.02,40.4,2.49,38.3,5.02,37.6,6.51,41.6,8.52,42.7,10.77,44.2,12.13,44.0,16.75,50.2,24.04,57.2,32.85,56.5,3/5 (60%),3/5 (60%),2/5 (40%),2/5 (40%),2/5 (40%),1/5 (20%),2/5 (40%),2/5 (40%),4/5 (80%),4/5 (80%),3/5 (60%),4/5 (80%),3/5 (60%),2/5 (40%),2/5 (40%),2/5 (40%),2/5 (40%),2/5 (40%),3/5 (60%),4/5 (80%),3/5 (60%),3/5 (60%),2/4 (50%),4/4 (100%)
ZMID,2026-10-07,7.53,34.8733664083785,29.3 - 48.5,8.35,False,هبوط>=15% من القمة + تحت متوسط50,0.3,33.5,0.16,29.4,0.23,33.7,0.4,35.5,0.64,36.5,0.72,36.5,0.84,35.9,1.02,36.9,1.13,33.3,1.35,35.0,1.18,37.1,1.93,36.9,2.11,37.0,2.8,35.7,2.64,37.3,5.28,36.8,5.01,38.2,4.09,36.6,4.17,40.2,6.12,40.5,12.1,46.0,17.01,52.7,24.52,54.6,32.21,61.7,2/12 (17%),2/12 (17%),3/11 (27%),4/10 (40%),4/9 (44%),4/9 (44%),4/9 (44%),5/9 (56%),5/9 (56%),5/9 (56%),5/9 (56%),6/9 (67%),8/9 (89%),8/9 (89%),6/9 (67%),6/9 (67%),6/9 (67%),6/9 (67%),6/9 (67%),6/9 (67%),6/9 (67%),6/9 (67%),9/9 (100%),7/9 (78%)
